,Date,Open,High,Low,Close,Volume,Ex-Dividend,Split Ratio,Adj. Open,Adj. High,Adj. Low,Adj. Close,Adj. Volume,twitter,avg_sentiment,total_tweets,total_retweets,total_favorites,change,change_int
0,2015-07-20,41.46,42.55,39.8,40.47,52286509.0,0.0,1.0,41.46,42.55,39.8,40.47,52286509.0,"[[0.13636363636363635, 194.0, 88.0], [0.5, 38.0, 35.0], [0.2864285714285714, 70.0, 42.0], [0.4, 41.0, 60.0], [0.49000000000000005, 20.0, 8.0], [0.0, 448.0, 312.0]]",0.3021320346320346,6.0,811.0,545.0,0.0,-1
1,2015-07-21,41.08,41.11,39.12,39.35,32954573.0,0.0,1.0,41.08,41.11,39.12,39.35,32954573.0,"[[0.7, 8.0, 3.0], [0.0, 9.0, 15.0]]",0.35,2.0,17.0,18.0,-1.1199999999999974,-1
2,2015-07-22,39.35,39.7178,38.1,38.39,25380859.0,0.0,1.0,39.35,39.7178,38.1,38.39,25380859.0,"[[0.04545454545454545, 8.0, 9.0], [-0.2, 5.0, 6.0]]",-0.07727272727272728,2.0,13.0,15.0,-0.9600000000000009,-1
3,2015-07-23,38.74,38.75,36.93,37.01,19250154.0,0.0,1.0,38.74,38.75,36.93,37.01,19250154.0,"[[0.0, 10.0, 4.0], [1.0, 3.0, 2.0]]",0.5,2.0,13.0,6.0,-1.3800000000000026,-1
4,2015-07-24,37.71,38.0,36.91,37.0,14274305.0,0.0,1.0,37.71,38.0,36.91,37.0,14274305.0,"[[0.3333333333333333, 6.0, 5.0]]",0.3333333333333333,1.0,6.0,5.0,-0.00999999999999801,-1
5,2015-07-27,36.78,37.38,36.22,36.39,16179913.0,0.0,1.0,36.78,37.38,36.22,36.39,16179913.0,"[[0.25, 4.0, 4.0], [-0.022222222222222237, 6.0, 4.0], [-0.18888888888888888, 6.0, 7.0], [0.0, 3.0, 4.0], [0.25, 2.0, 4.0], [-0.16666666666666666, 12.0, 9.0]]",0.02037037037037037,6.0,33.0,32.0,-0.6099999999999994,-1
6,2015-07-28,37.19,38.0,36.8296,37.6,18986016.0,0.0,1.0,37.19,38.0,36.8296,37.6,18986016.0,"[[0.0, 3.0, 6.0], [-0.03333333333333333, 2.0, 5.0], [0.25, 7.0, 3.0], [0.25, 6.0, 8.0], [0.0, 3.0, 3.0]]",0.09333333333333334,5.0,21.0,25.0,1.2100000000000009,1
7,2015-07-29,38.03,38.1,37.62,37.95,11788439.0,0.0,1.0,38.03,38.1,37.62,37.95,11788439.0,"[[-0.16666666666666666, 10.0, 3.0], [0.0, 3.0, 1.0], [0.09444444444444444, 4.0, 1.0], [0.5, 2.0, 4.0]]",0.10694444444444445,4.0,19.0,9.0,0.3500000000000014,1
8,2015-07-30,38.04,39.01,37.715,38.45,13845091.0,0.0,1.0,38.04,39.01,37.715,38.45,13845091.0,"[[0.0, 5.0, 13.0], [0.5499999999999999, 4.0, 1.0], [0.35, 6.0, 2.0], [0.29166666666666663, 3.0, 7.0], [0.16666666666666666, 4.0, 1.0]]",0.2716666666666666,5.0,22.0,24.0,0.5,1
9,2015-07-31,39.14,39.2,38.2199,38.7,12480580.0,0.0,1.0,39.14,39.2,38.2199,38.7,12480580.0,"[[0.0, 5.0, 3.0], [0.0, 3.0, 1.0], [0.0, 3.0, 2.0], [0.2, 2.0, 1.0], [0.0, 3.0, 1.0]]",0.04,5.0,16.0,8.0,0.25,1
10,2015-08-03,39.25,39.88,38.9,39.39,15126574.0,0.0,1.0,39.25,39.88,38.9,39.39,15126574.0,"[[0.25, 0.0, 1.0], [0.0, 7.0, 10.0], [0.5, 87.0, 22.0]]",0.25,3.0,94.0,33.0,0.6899999999999977,1
11,2015-08-04,39.91,39.91,38.43,38.95,10992217.0,0.0,1.0,39.91,39.91,38.43,38.95,10992217.0,"[[0.3, 5.0, 1.0], [0.0, 4.0, 0.0], [0.0, 15.0, 2.0], [0.1, 1.0, 1.0], [0.2, 16.0, 2.0]]",0.12000000000000002,5.0,41.0,6.0,-0.4399999999999977,-1
12,2015-08-05,39.7,39.88,39.17,39.27,9349565.0,0.0,1.0,39.7,39.88,39.17,39.27,9349565.0,"[[0.5, 4.0, 3.0], [0.4, 2.0, 3.0], [0.21428571428571427, 9.0, 12.0], [0.75, 2.0, 3.0]]",0.4660714285714286,4.0,17.0,21.0,0.3200000000000003,1
13,2015-08-06,39.63,39.74,38.55,38.85,7324116.0,0.0,1.0,39.63,39.74,38.55,38.85,7324116.0,"[[0.0, 10.0, 3.0], [0.0, 5.0, 2.0], [0.3, 3.0, 0.0]]",0.09999999999999999,3.0,18.0,5.0,-0.4200000000000017,-1
14,2015-08-07,39.04,39.23,38.6,39.13,8331310.0,0.0,1.0,39.04,39.23,38.6,39.13,8331310.0,"[[0.3, 2.0, 1.0], [0.5, 25.0, 3.0], [0.2, 16.0, 3.0], [1.0, 49.0, 12.0], [0.5, 9.0, 1.0]]",0.5,5.0,101.0,20.0,0.28000000000000114,1
15,2015-08-10,39.43,39.69,38.7701,39.05,7998929.0,0.0,1.0,39.43,39.69,38.7701,39.05,7998929.0,"[[0.2, 9.0, 5.0], [0.0, 37.0, 10.0], [0.0, 1.0, 4.0], [0.65, 8.0, 6.0]]",0.21250000000000002,4.0,55.0,25.0,-0.0800000000000054,-1
16,2015-08-11,38.93,39.28,38.72,38.85,8184004.0,0.0,1.0,38.93,39.28,38.72,38.85,8184004.0,"[[1.0, 4.0, 1.0]]",1.0,1.0,4.0,1.0,-0.19999999999999574,-1
17,2015-08-12,38.55,38.58,37.01,38.19,21366670.0,0.0,1.0,38.55,38.58,37.01,38.19,21366670.0,"[[0.0, 73.0, 22.0], [0.0, 6.0, 15.0]]",0.0,2.0,79.0,37.0,-0.6600000000000037,-1
18,2015-08-13,38.4,38.49,37.44,37.62,7863525.0,0.0,1.0,38.4,38.49,37.44,37.62,7863525.0,"[[0.6, 5.0, 4.0], [0.0, 6.0, 5.0], [0.375, 23.0, 12.0]]",0.325,3.0,34.0,21.0,-0.5700000000000003,-1
19,2015-08-14,37.49,38.18,37.38,38.14,6271143.0,0.0,1.0,37.49,38.18,37.38,38.14,6271143.0,"[[0.0, 0.0, 2.0], [0.0, 1.0, 3.0], [0.5, 6.0, 11.0]]",0.16666666666666666,3.0,7.0,16.0,0.5200000000000031,1
20,2015-08-17,38.3,38.75,37.7,38.73,4931711.0,0.0,1.0,38.3,38.75,37.7,38.73,4931711.0,"[[1.0, 4.0, 5.0], [0.3, 43.0, 17.0], [0.1, 2.0, 4.0]]",0.46666666666666673,3.0,49.0,26.0,0.5899999999999963,1
21,2015-08-18,39.0,39.0,37.87,37.99,4678847.0,0.0,1.0,39.0,39.0,37.87,37.99,4678847.0,"[[0.0, 26.0, 11.0], [0.5, 11.0, 12.0], [0.5, 2.0, 4.0]]",0.3333333333333333,3.0,39.0,27.0,-0.7399999999999949,-1
22,2015-08-19,37.87,38.1,37.03,37.19,6923402.0,0.0,1.0,37.87,38.1,37.03,37.19,6923402.0,"[[1.0, 1.0, 5.0], [0.3666666666666667, 102.0, 83.0], [0.0, 5.0, 5.0], [0.5, 22.0, 9.0]]",0.4666666666666667,4.0,130.0,102.0,-0.8000000000000043,-1
23,2015-08-20,36.85,37.34,35.88,35.98,10645667.0,0.0,1.0,36.85,37.34,35.88,35.98,10645667.0,"[[0.0, 5.0, 4.0], [0.0, 4.0, 3.0], [0.0, 4.0, 5.0], [0.44999999999999996, 4.0, 6.0], [0.24404761904761907, 4.0, 3.0], [-0.1, 4.0, 4.0]]",0.0990079365079365,6.0,25.0,25.0,-1.2100000000000009,-1
24,2015-08-21,35.57,36.11,33.83,34.25,16824144.0,0.0,1.0,35.57,36.11,33.83,34.25,16824144.0,"[[0.0, 148.0, 41.0], [0.0, 3.0, 5.0], [0.6083333333333333, 1.0, 3.0]]",0.20277777777777775,3.0,152.0,49.0,-1.7299999999999969,-1
25,2015-08-24,31.17,34.85,30.0,33.75,19676580.0,0.0,1.0,31.17,34.85,30.0,33.75,19676580.0,"[[0.0, 11.0, 12.0], [0.0, 3.0, 2.0], [0.5, 5.0, 4.0]]",0.16666666666666666,3.0,19.0,18.0,-0.5,-1
26,2015-08-25,35.44,35.46,32.7,32.7,15557082.0,0.0,1.0,35.44,35.46,32.7,32.7,15557082.0,"[[0.6666666666666666, 4.0, 4.0], [0.125, 7.0, 3.0]]",0.3958333333333333,2.0,11.0,7.0,-1.0499999999999972,-1
27,2015-08-26,33.7,33.84,31.71,33.17,25350364.0,0.0,1.0,33.7,33.84,31.71,33.17,25350364.0,"[[0.25, 13.0, 5.0], [0.2556818181818182, 31.0, 30.0], [0.25, 0.0, 2.0]]",0.2518939393939394,3.0,44.0,37.0,0.46999999999999886,1
28,2015-08-27,34.0,34.77,33.16,34.62,18909574.0,0.0,1.0,34.0,34.77,33.16,34.62,18909574.0,"[[-0.15625, 5.0, 5.0], [0.20000000000000004, 3.0, 2.0], [0.43333333333333335, 47.0, 4.0], [0.32499999999999996, 2.0, 1.0], [0.0, 70.0, 16.0]]",0.16041666666666668,5.0,127.0,28.0,1.4499999999999957,1
29,2015-08-28,34.51,35.26,34.37,35.04,8344820.0,0.0,1.0,34.51,35.26,34.37,35.04,8344820.0,"[[0.0, 11.0, 10.0], [0.25, 3.0, 4.0], [0.25, 46.0, 31.0], [0.0, 34.0, 6.0]]",0.125,4.0,94.0,51.0,0.4200000000000017,1
30,2015-08-31,35.49,35.51,34.77,35.0,12123766.0,0.0,1.0,35.49,35.51,34.77,35.0,12123766.0,"[[0.0, 6.0, 3.0], [0.2, 5.0, 0.0], [0.5, 57.0, 12.0]]",0.2333333333333333,3.0,68.0,15.0,-0.03999999999999915,-1
31,2015-09-01,34.24,34.68,33.41,33.77,13375959.0,0.0,1.0,34.24,34.68,33.41,33.77,13375959.0,"[[0.1, 40.0, 36.0], [0.0, 23.0, 33.0], [0.14285714285714285, 7.0, 1.0], [0.2619047619047619, 183.0, 121.0], [0.0, 21.0, 43.0], [0.1, 24.0, 26.0]]",0.10079365079365078,6.0,298.0,260.0,-1.2299999999999969,-1
32,2015-09-02,34.6,35.08,33.835,35.07,7521045.0,0.0,1.0,34.6,35.08,33.835,35.07,7521045.0,"[[-0.033333333333333326, 3.0, 5.0], [1.0, 3.0, 3.0], [-0.125, 11.0, 14.0], [0.15, 1.0, 4.0], [0.0, 6.0, 1.0], [0.3428571428571428, 67.0, 29.0]]",0.2224206349206349,6.0,91.0,56.0,1.2999999999999972,1
33,2015-09-03,35.01,35.46,34.77,35.31,6683814.0,0.0,1.0,35.01,35.46,34.77,35.31,6683814.0,"[[0.0, 15.0, 10.0], [0.3875, 3.0, 4.0], [0.0, 70.0, 24.0], [0.15000000000000002, 5.0, 3.0], [0.30833333333333335, 0.0, 0.0]]",0.1691666666666667,5.0,93.0,41.0,0.240000000000002,1
34,2015-09-04,34.71,34.72,33.78,34.29,7483792.0,0.0,1.0,34.71,34.72,33.78,34.29,7483792.0,"[[0.175, 6.0, 5.0], [0.1, 7.0, 2.0]]",0.1375,2.0,13.0,7.0,-1.0200000000000031,-1
35,2015-09-08,34.81,34.89,34.25,34.7,7674452.0,0.0,1.0,34.81,34.89,34.25,34.7,7674452.0,"[[0.18333333333333332, 6.0, 5.0], [0.3666666666666667, 2.0, 1.0], [0.26666666666666666, 0.0, 1.0]]",0.2722222222222222,3.0,8.0,7.0,0.4100000000000037,1
36,2015-09-09,34.92,34.95,33.88,34.37,10946887.0,0.0,1.0,34.92,34.95,33.88,34.37,10946887.0,"[[0.0, 36.0, 5.0], [0.0, 6.0, 4.0], [0.5, 4.0, 1.0], [0.6, 4.0, 0.0], [0.5, 3.0, 1.0]]",0.32,5.0,53.0,11.0,-0.3300000000000054,-1
37,2015-09-10,34.23,34.29,32.95,33.46,12134501.0,0.0,1.0,34.23,34.29,32.95,33.46,12134501.0,"[[0.0, 14.0, 13.0], [0.5, 0.0, 2.0], [0.0, 3.0, 1.0], [0.0, 3.0, 5.0]]",0.125,4.0,20.0,21.0,-0.9099999999999966,-1
38,2015-09-11,33.27,33.59,32.61,33.55,9184211.0,0.0,1.0,33.27,33.59,32.61,33.55,9184211.0,"[[0.8000000000000002, 2.0, 2.0], [-0.6, 4.0, 3.0], [0.8, 9.0, 6.0]]",0.3333333333333334,3.0,15.0,11.0,0.0899999999999963,1
39,2015-09-14,33.7,33.95,33.2,33.77,7897681.0,0.0,1.0,33.7,33.95,33.2,33.77,7897681.0,"[[0.0, 2.0, 2.0], [0.0, 20.0, 10.0]]",0.0,2.0,22.0,12.0,0.22000000000000597,1
40,2015-09-15,33.72,33.95,32.67,33.8,11874863.0,0.0,1.0,33.72,33.95,32.67,33.8,11874863.0,"[[0.2, 3.0, 2.0], [0.3, 6.0, 4.0], [0.16, 1.0, 2.0], [0.64, 18.0, 11.0]]",0.325,4.0,28.0,19.0,0.02999999999999403,1
41,2015-09-16,33.46,34.06,33.36,33.77,7183907.0,0.0,1.0,33.46,34.06,33.36,33.77,7183907.0,"[[0.5, 2.0, 5.0]]",0.5,1.0,2.0,5.0,-0.02999999999999403,-1
42,2015-09-17,33.72,33.99,33.08,33.32,7846799.0,0.0,1.0,33.72,33.99,33.08,33.32,7846799.0,"[[0.35000000000000003, 7.0, 3.0], [0.7, 25.0, 6.0], [0.6, 3.0, 2.0], [0.78, 9.0, 5.0]]",0.6074999999999999,4.0,44.0,16.0,-0.45000000000000284,-1
43,2015-09-18,32.9,33.78,32.55,32.92,16488139.0,0.0,1.0,32.9,33.78,32.55,32.92,16488139.0,"[[0.0, 3.0, 1.0], [0.0, 1.0, 3.0]]",0.0,2.0,4.0,4.0,-0.3999999999999986,-1
44,2015-09-21,33.66,34.62,33.43,34.25,12736464.0,0.0,1.0,33.66,34.62,33.43,34.25,12736464.0,"[[0.0, 30.0, 5.0]]",0.0,1.0,30.0,5.0,1.3299999999999983,1
45,2015-09-22,33.94,34.1,33.1899,33.35,8538006.0,0.0,1.0,33.94,34.1,33.1899,33.35,8538006.0,"[[0.1, 3.0, 4.0]]",0.1,1.0,3.0,4.0,-0.8999999999999986,-1
46,2015-09-23,33.49,34.34,33.26,34.16,5405501.0,0.0,1.0,33.49,34.34,33.26,34.16,5405501.0,"[[0.0, 0.0, 4.0], [0.0, 3.0, 1.0], [0.2, 5.0, 5.0], [0.4083333333333334, 7.0, 5.0]]",0.15208333333333335,4.0,15.0,15.0,0.8099999999999952,1
47,2015-09-24,34.0,34.07,33.38,33.91,6544533.0,0.0,1.0,34.0,34.07,33.38,33.91,6544533.0,"[[-0.06354166666666666, 4.0, 3.0], [-0.033333333333333326, 9.0, 7.0]]",-0.048437499999999994,2.0,13.0,10.0,-0.25,-1
48,2015-09-25,34.6,34.69,33.5,33.77,6566750.0,0.0,1.0,34.6,34.69,33.5,33.77,6566750.0,,0.0,0.0,0.0,0.0,-0.13999999999999346,-1
49,2015-09-28,33.68,33.68,32.155,32.25,7202535.0,0.0,1.0,33.68,33.68,32.155,32.25,7202535.0,"[[-0.2333333333333333, 10.0, 3.0], [0.5, 1.0, 1.0]]",0.13333333333333336,2.0,11.0,4.0,-1.5200000000000031,-1
50,2015-09-29,32.27,32.67,30.3,30.63,12008145.0,0.0,1.0,32.27,32.67,30.3,30.63,12008145.0,"[[0.8, 17.0, 9.0], [0.0, 4.0, 0.0], [0.0, 2.0, 4.0]]",0.26666666666666666,3.0,23.0,13.0,-1.620000000000001,-1
51,2015-09-30,31.2,31.28,30.64,31.035,13537262.0,0.0,1.0,31.2,31.28,30.64,31.035,13537262.0,"[[0.0, 18.0, 4.0]]",0.0,1.0,18.0,4.0,0.40500000000000114,1
52,2015-10-01,30.82,31.587,30.75,31.48,9656980.0,0.0,1.0,30.82,31.587,30.75,31.48,9656980.0,"[[0.4333333333333333, 5.0, 6.0], [0.6, 3.0, 3.0]]",0.5166666666666666,2.0,8.0,9.0,0.4450000000000003,1
53,2015-10-02,30.82,32.86,30.75,32.83,7609776.0,0.0,1.0,30.82,32.86,30.75,32.83,7609776.0,"[[-0.09999999999999999, 7.0, 2.0], [0.0, 11.0, 1.0], [0.0, 32.0, 9.0], [0.4375, 7.0, 2.0]]",0.084375,4.0,57.0,14.0,1.3499999999999979,1
54,2015-10-05,32.95,33.02,32.38,32.67,6119068.0,0.0,1.0,32.95,33.02,32.38,32.67,6119068.0,"[[0.25, 45.0, 25.0], [0.0, 22.0, 8.0]]",0.125,2.0,67.0,33.0,-0.1599999999999966,-1
55,2015-10-06,32.91,32.91,31.78,31.86,7443781.0,0.0,1.0,32.91,32.91,31.78,31.86,7443781.0,"[[0.0, 7.0, 1.0], [0.13636363636363635, 3.0, 2.0]]",0.06818181818181818,2.0,10.0,3.0,-0.8100000000000023,-1
56,2015-10-07,32.31,32.471,31.52,32.38,6969581.0,0.0,1.0,32.31,32.471,31.52,32.38,6969581.0,"[[0.0, 6.0, 3.0]]",0.0,1.0,6.0,3.0,0.5200000000000031,1
57,2015-10-08,32.44,32.45,31.09,31.67,9281454.0,0.0,1.0,32.44,32.45,31.09,31.67,9281454.0,"[[0.4000000000000001, 7.0, 5.0], [0.5, 4.0, 2.0], [-0.25, 3.0, 3.0]]",0.2166666666666667,3.0,14.0,10.0,-0.7100000000000009,-1
58,2015-10-09,31.69,32.45,31.41,32.06,5911405.0,0.0,1.0,31.69,32.45,31.41,32.06,5911405.0,"[[0.125, 1.0, 3.0]]",0.125,1.0,1.0,3.0,0.39000000000000057,1
59,2015-10-12,32.19,32.67,32.1,32.63,3915468.0,0.0,1.0,32.19,32.67,32.1,32.63,3915468.0,"[[0.18333333333333335, 14.0, 10.0], [0.13636363636363635, 3.0, 2.0]]",0.15984848484848485,2.0,17.0,12.0,0.5700000000000003,1
60,2015-10-13,32.6,33.48,32.3399,33.22,8787712.0,0.0,1.0,32.6,33.48,32.3399,33.22,8787712.0,"[[0.5, 1.0, 0.0], [0.0, 18.0, 15.0], [0.3833333333333333, 2.0, 1.0], [0.43333333333333335, 4.0, 3.0]]",0.32916666666666666,4.0,25.0,19.0,0.5899999999999963,1
61,2015-10-14,33.4,34.46,33.4,34.05,8198250.0,0.0,1.0,33.4,34.46,33.4,34.05,8198250.0,"[[0.0, 5.0, 1.0], [0.13636363636363635, 4.0, 2.0]]",0.06818181818181818,2.0,9.0,3.0,0.8299999999999983,1
62,2015-10-15,34.45,34.72,34.16,34.62,9103243.0,0.0,1.0,34.45,34.72,34.16,34.62,9103243.0,"[[1.0, 1.0, 1.0], [0.0, 38.0, 7.0]]",0.5,2.0,39.0,8.0,0.5700000000000003,1
63,2015-10-16,34.75,35.05,33.95,34.29,5390718.0,0.0,1.0,34.75,35.05,33.95,34.29,5390718.0,"[[0.0, 1.0, 1.0], [0.7, 1.0, 0.0], [0.0, 1.0, 1.0], [0.0, 1.0, 1.0], [0.4666666666666666, 3.0, 1.0], [0.13636363636363635, 5.0, 4.0], [0.5, 2.0, 3.0], [0.3, 1.0, 3.0], [0.3333333333333333, 1.0, 1.0], [0.65, 1.0, 0.0], [0.0, 1.0, 1.0], [0.0, 1.0, 2.0], [0.175, 3.0, 2.0], [0.8, 2.0, 1.0], [0.1875, 1.0, 1.0], [0.6, 2.0, 1.0], [0.2, 4.0, 1.0], [0.5, 1.0, 1.0]]",0.30827020202020194,18.0,32.0,25.0,-0.3299999999999983,-1
64,2015-10-19,34.43,34.905,33.79,34.84,5855686.0,0.0,1.0,34.43,34.905,33.79,34.84,5855686.0,"[[0.25, 5.0, 4.0], [0.42500000000000004, 13.0, 4.0]]",0.3375,2.0,18.0,8.0,0.5500000000000043,1
65,2015-10-20,34.8,34.99,34.59,34.87,6084245.0,0.0,1.0,34.8,34.99,34.59,34.87,6084245.0,"[[0.0, 27.0, 7.0], [0.5, 4.0, 4.0]]",0.25,2.0,31.0,11.0,0.02999999999999403,1
66,2015-10-21,34.75,34.8,32.88,33.83,9113873.0,0.0,1.0,34.75,34.8,32.88,33.83,9113873.0,"[[0.4, 9.0, 8.0], [0.0, 218.0, 82.0]]",0.2,2.0,227.0,90.0,-1.0399999999999991,-1
67,2015-10-22,34.43,35.25,34.26,34.79,8735516.0,0.0,1.0,34.43,35.25,34.26,34.79,8735516.0,"[[1.0, 9.0, 1.0], [0.10000000000000002, 2.0, 2.0]]",0.55,2.0,11.0,3.0,0.9600000000000009,1
68,2015-10-23,35.73,35.75,34.8,34.99,8909138.0,0.0,1.0,35.73,35.75,34.8,34.99,8909138.0,"[[0.25, 2.0, 2.0]]",0.25,1.0,2.0,2.0,0.20000000000000284,1
69,2015-10-26,36.05,36.59,35.515,36.44,11554647.0,0.0,1.0,36.05,36.59,35.515,36.44,11554647.0,"[[0.5, 12.0, 4.0], [0.0, 13.0, 6.0], [0.27976190476190477, 25.0, 8.0]]",0.25992063492063494,3.0,50.0,18.0,1.4499999999999957,1
70,2015-10-27,36.39,36.3941,35.31,35.94,8502406.0,0.0,1.0,36.39,36.3941,35.31,35.94,8502406.0,"[[0.13636363636363635, 22.0, 24.0], [0.35, 5.0, 1.0], [0.25, 2.0, 0.0], [0.0, 57.0, 7.0], [0.0, 12.0, 9.0], [0.35, 5.0, 2.0]]",0.18106060606060606,6.0,103.0,43.0,-0.5,-1
71,2015-10-28,36.21,36.65,35.81,36.52,11634340.0,0.0,1.0,36.21,36.65,35.81,36.52,11634340.0,"[[0.0, 4.0, 3.0], [0.0, 1.0, 2.0], [0.25, 7.0, 5.0], [0.225, 1.0, 3.0], [0.7, 2.0, 2.0], [0.0, 8.0, 12.0], [0.4, 3.0, 2.0], [0.5, 2.0, 5.0], [-0.8, 6.0, 1.0], [-0.10238095238095238, 10.0, 15.0], [0.4681818181818182, 2.0, 5.0], [0.0, 5.0, 6.0], [0.26666666666666666, 9.0, 4.0], [0.0, 9.0, 12.0], [0.3181818181818182, 5.0, 2.0], [0.0, 5.0, 1.0], [0.0, 2.0, 2.0], [0.0, 3.0, 4.0], [-0.13333333333333333, 4.0, 3.0], [0.13636363636363635, 6.0, 4.0], [0.0, 6.0, 4.0], [0.4, 5.0, 5.0], [0.0, 2.0, 4.0], [0.15833333333333333, 1.0, 3.0], [0.25, 7.0, 7.0], [-0.08333333333333333, 3.0, 1.0], [0.0, 3.0, 3.0], [0.39166666666666666, 3.0, 3.0], [0.5, 3.0, 3.0], [0.0, 7.0, 3.0], [0.3166666666666667, 5.0, 1.0], [0.0, 4.0, 4.0], [0.0, 4.0, 4.0], [-0.8, 1.0, 4.0], [-0.8, 4.0, 3.0], [0.13636363636363635, 4.0, 0.0], [0.0, 3.0, 4.0]]",0.07292909792909791,37.0,159.0,149.0,0.5800000000000054,1
72,2015-10-29,34.73,36.5,34.5,35.91,25137251.0,0.0,1.0,34.73,36.5,34.5,35.91,25137251.0,"[[0.6000000000000001, 3.0, 1.0], [0.0, 20.0, 8.0], [0.35, 5.0, 0.0], [0.0, 11.0, 8.0], [-0.06666666666666667, 16.0, 0.0]]",0.1766666666666667,5.0,55.0,17.0,-0.6100000000000065,-1
73,2015-10-30,35.64,36.49,35.24,36.01,13409243.0,0.0,1.0,35.64,36.49,35.24,36.01,13409243.0,"[[0.0, 126.0, 147.0], [0.1, 8.0, 4.0], [0.5, 4.0, 1.0], [0.0, 9.0, 4.0], [-0.1, 26.0, 41.0], [0.25, 4.0, 4.0], [0.375, 63.0, 150.0], [0.0, 23.0, 35.0]]",0.140625,8.0,263.0,386.0,0.10000000000000142,1
74,2015-11-02,35.58,37.41,35.45,36.99,11254928.0,0.0,1.0,35.58,37.41,35.45,36.99,11254928.0,"[[0.05000000000000001, 4.0, 3.0], [-0.15, 11.0, 11.0], [0.03712121212121211, 8.0, 5.0]]",-0.020959595959595956,3.0,23.0,19.0,0.980000000000004,1
75,2015-11-03,37.05,38.44,37.0,37.9,12025221.0,0.0,1.0,37.05,38.44,37.0,37.9,12025221.0,"[[0.16666666666666666, 14.0, 3.0], [0.325, 31.0, 7.0], [0.6, 8.0, 6.0], [0.13636363636363635, 51.0, 12.0]]",0.30700757575757576,4.0,104.0,28.0,0.9099999999999966,1
76,2015-11-04,38.45,38.52,37.33,37.6,12226757.0,0.0,1.0,38.45,38.52,37.33,37.6,12226757.0,"[[0.03712121212121211, 7.0, 1.0], [0.0, 11.0, 6.0], [0.5, 10.0, 3.0], [0.1111111111111111, 7.0, 2.0], [0.5, 15.0, 12.0]]",0.22964646464646465,5.0,50.0,24.0,-0.29999999999999716,-1
77,2015-11-05,37.82,37.98,36.66,36.71,9068886.0,0.0,1.0,37.82,37.98,36.66,36.71,9068886.0,"[[0.8, 88.0, 31.0], [0.08888888888888889, 14.0, 5.0], [0.5, 69.0, 11.0], [0.25, 6.0, 1.0]]",0.4097222222222222,4.0,177.0,48.0,-0.8900000000000006,-1
78,2015-11-06,36.59,36.7,35.8,36.24,10256842.0,0.0,1.0,36.59,36.7,35.8,36.24,10256842.0,"[[-0.13333333333333333, 22.0, 11.0], [0.5333333333333333, 5.0, 2.0]]",0.2,2.0,27.0,13.0,-0.46999999999999886,-1
79,2015-11-09,36.1,36.74,35.65,36.6,11571512.0,0.0,1.0,36.1,36.74,35.65,36.6,11571512.0,"[[0.0, 5.0, 6.0], [0.0, 46.0, 11.0]]",0.0,2.0,51.0,17.0,0.35999999999999943,1
80,2015-11-10,36.58,37.2,36.5,37.0,36384428.0,0.0,1.0,36.58,37.2,36.5,37.0,36384428.0,"[[-0.033333333333333326, 38.0, 9.0]]",-0.033333333333333326,1.0,38.0,9.0,0.3999999999999986,1
81,2015-11-11,37.19,37.32,35.75,36.33,12762469.0,0.0,1.0,37.19,37.32,35.75,36.33,12762469.0,"[[0.0, 7.0, 4.0], [0.033333333333333326, 10.0, 1.0]]",0.016666666666666663,2.0,17.0,5.0,-0.6700000000000017,-1
82,2015-11-12,35.945,36.05,34.83,35.57,11835858.0,0.0,1.0,35.945,36.05,34.83,35.57,11835858.0,"[[0.3166666666666667, 6.0, 4.0], [0.0, 52.0, 38.0], [0.0, 11.0, 5.0]]",0.10555555555555557,3.0,69.0,47.0,-0.759999999999998,-1
83,2015-11-13,35.18,35.4999,34.5,34.53,7364367.0,0.0,1.0,35.18,35.4999,34.5,34.53,7364367.0,,0.0,0.0,0.0,0.0,-1.0399999999999991,-1
84,2015-11-16,34.55,35.66,34.53,35.61,6734488.0,0.0,1.0,34.55,35.66,34.53,35.61,6734488.0,,0.0,0.0,0.0,0.0,1.0799999999999983,1
85,2015-11-17,35.89,36.45,35.71,36.21,7344143.0,0.0,1.0,35.89,36.45,35.71,36.21,7344143.0,"[[0.0, 8.0, 1.0]]",0.0,1.0,8.0,1.0,0.6000000000000014,1
86,2015-11-18,36.32,36.95,35.785,36.22,8323149.0,0.0,1.0,36.32,36.95,35.785,36.22,8323149.0,,0.0,0.0,0.0,0.0,0.00999999999999801,1
87,2015-11-19,36.45,36.5,35.91,36.19,5042281.0,0.0,1.0,36.45,36.5,35.91,36.19,5042281.0,"[[0.03333333333333333, 13.0, 4.0], [-0.125, 3.0, 1.0]]",-0.04583333333333334,2.0,16.0,5.0,-0.030000000000001137,-1
88,2015-11-20,36.45,36.45,35.9202,36.36,4543444.0,0.0,1.0,36.45,36.45,35.9202,36.36,4543444.0,"[[0.5, 6.0, 8.0], [0.6, 15.0, 11.0]]",0.55,2.0,21.0,19.0,0.1700000000000017,1
89,2015-11-23,36.5,36.65,35.41,35.56,6960964.0,0.0,1.0,36.5,36.65,35.41,35.56,6960964.0,"[[0.0, 105.0, 16.0], [0.25, 20.0, 7.0]]",0.125,2.0,125.0,23.0,-0.7999999999999972,-1
90,2015-11-24,35.25,35.3,34.88,35.12,8390058.0,0.0,1.0,35.25,35.3,34.88,35.12,8390058.0,"[[0.0, 6.0, 3.0], [0.0, 31.0, 42.0], [0.0, 27.0, 21.0]]",0.0,3.0,64.0,66.0,-0.44000000000000483,-1
91,2015-11-25,35.2,35.86,35.13,35.36,3882189.0,0.0,1.0,35.2,35.86,35.13,35.36,3882189.0,"[[0.5, 145.0, 10.0], [0.26666666666666666, 17.0, 22.0], [0.5, 10.0, 9.0], [0.0, 13.0, 2.0], [0.6083333333333334, 9.0, 8.0], [0.0, 2.0, 1.0]]",0.3125,6.0,196.0,52.0,0.240000000000002,1
92,2015-11-27,35.52,35.7,35.06,35.18,2550193.0,0.0,1.0,35.52,35.7,35.06,35.18,2550193.0,"[[0.42857142857142855, 14.0, 9.0]]",0.42857142857142855,1.0,14.0,9.0,-0.17999999999999972,-1
93,2015-11-30,35.36,35.44,34.69,35.26,9357310.0,0.0,1.0,35.36,35.44,34.69,35.26,9357310.0,"[[0.4375, 10.0, 5.0], [0.4785714285714285, 9.0, 6.0], [0.0, 3.0, 0.0], [0.06666666666666671, 12.0, 4.0], [0.5, 16.0, 19.0]]",0.296547619047619,5.0,50.0,34.0,0.0799999999999983,1
94,2015-12-01,35.41,35.41,33.85,35.17,14893927.0,0.0,1.0,35.41,35.41,33.85,35.17,14893927.0,"[[0.0, 27.0, 9.0], [0.5, 125.0, 21.0], [0.5, 163.0, 31.0], [0.5, 18.0, 22.0], [0.0, 10.0, 14.0], [0.5, 9.0, 6.0]]",0.3333333333333333,6.0,352.0,103.0,-0.0899999999999963,-1
95,2015-12-02,35.23,36.17,34.9301,35.15,5762384.0,0.0,1.0,35.23,36.17,34.9301,35.15,5762384.0,"[[0.5, 7.0, 4.0], [0.7, 32.0, 47.0]]",0.6,2.0,39.0,51.0,-0.020000000000003126,-1
96,2015-12-03,35.2,35.23,33.8501,34.23,7311905.0,0.0,1.0,35.2,35.23,33.8501,34.23,7311905.0,"[[0.0, 227.0, 48.0], [0.14285714285714285, 9.0, 5.0]]",0.07142857142857142,2.0,236.0,53.0,-0.9200000000000017,-1
97,2015-12-04,34.38,35.82,34.22,35.62,10664349.0,0.0,1.0,34.38,35.82,34.22,35.62,10664349.0,"[[0.425, 12.0, 6.0]]",0.425,1.0,12.0,6.0,1.3900000000000006,1
98,2015-12-07,35.71,35.8,34.85,35.16,4917953.0,0.0,1.0,35.71,35.8,34.85,35.16,4917953.0,"[[0.35000000000000003, 21.0, 8.0], [0.37777777777777777, 11.0, 10.0]]",0.36388888888888893,2.0,32.0,18.0,-0.46000000000000085,-1
99,2015-12-08,34.63,35.7,34.52,35.6,7420819.0,0.0,1.0,34.63,35.7,34.52,35.6,7420819.0,"[[0.1, 4.0, 5.0], [0.0, 25.0, 4.0], [0.15833333333333335, 9.0, 7.0]]",0.08611111111111112,3.0,38.0,16.0,0.44000000000000483,1
100,2015-12-09,35.39,35.6,34.83,35.07,7381669.0,0.0,1.0,35.39,35.6,34.83,35.07,7381669.0,"[[-0.2, 189.0, 34.0], [0.5, 42.0, 13.0], [0.0, 10.0, 5.0]]",0.09999999999999999,3.0,241.0,52.0,-0.5300000000000011,-1
101,2015-12-10,35.16,35.91,35.16,35.49,6949734.0,0.0,1.0,35.16,35.91,35.16,35.49,6949734.0,"[[0.65, 26.0, 9.0], [0.0, 14.0, 4.0], [0.1875, 57.0, 25.0], [0.29444444444444445, 11.0, 6.0], [0.0, 9.0, 6.0]]",0.2263888888888889,5.0,117.0,50.0,0.4200000000000017,1
102,2015-12-11,35.15,35.3263,34.42,34.69,8309205.0,0.0,1.0,35.15,35.3263,34.42,34.69,8309205.0,"[[0.33, 12.0, 5.0]]",0.33,1.0,12.0,5.0,-0.8000000000000043,-1
103,2015-12-14,34.61,35.2226,34.33,35.01,5803074.0,0.0,1.0,34.61,35.2226,34.33,35.01,5803074.0,"[[0.5, 32.0, 8.0]]",0.5,1.0,32.0,8.0,0.3200000000000003,1
104,2015-12-15,35.19,36.51,35.18,36.32,11709851.0,0.0,1.0,35.19,36.51,35.18,36.32,11709851.0,"[[0.0, 137.0, 34.0], [0.0, 10.0, 9.0], [-0.1875, 37.0, 6.0], [0.25, 16.0, 14.0]]",0.015625,4.0,200.0,63.0,1.3100000000000023,1
105,2015-12-16,36.12,36.25,35.19,35.98,7076271.0,0.0,1.0,36.12,36.25,35.19,35.98,7076271.0,"[[-0.1875, 9.0, 5.0], [0.65, 15.0, 9.0], [0.2, 12.0, 4.0], [0.5, 66.0, 11.0], [0.0, 13.0, 15.0]]",0.2325,5.0,115.0,44.0,-0.3400000000000034,-1
106,2015-12-17,36.0,36.58,35.51,35.54,6454069.0,0.0,1.0,36.0,36.58,35.51,35.54,6454069.0,"[[0.4, 11.0, 5.0], [0.0, 2.0, 3.0], [0.385, 22.0, 4.0]]",0.26166666666666666,3.0,35.0,12.0,-0.4399999999999977,-1
107,2015-12-18,35.35,35.76,34.73,34.98,13745948.0,0.0,1.0,35.35,35.76,34.73,34.98,13745948.0,"[[0.575, 9.0, 6.0], [0.0, 3.0, 4.0], [0.5, 9.0, 2.0]]",0.35833333333333334,3.0,21.0,12.0,-0.5600000000000023,-1
108,2015-12-21,35.21,36.15,35.11,36.08,5856044.0,0.0,1.0,35.21,36.15,35.11,36.08,5856044.0,"[[0.38666666666666666, 10.0, 6.0]]",0.38666666666666666,1.0,10.0,6.0,1.1000000000000014,1
109,2015-12-22,36.12,36.89,35.78,36.805,6030899.0,0.0,1.0,36.12,36.89,35.78,36.805,6030899.0,"[[0.4, 53.0, 48.0], [0.2857142857142857, 15.0, 8.0], [0.0, 6.0, 10.0], [0.0, 12.0, 24.0]]",0.17142857142857143,4.0,86.0,90.0,0.7250000000000014,1
110,2015-12-23,36.79,37.68,36.77,37.11,7579531.0,0.0,1.0,36.79,37.68,36.77,37.11,7579531.0,"[[0.0, 11.0, 9.0], [0.4000000000000001, 16.0, 9.0]]",0.20000000000000004,2.0,27.0,18.0,0.3049999999999997,1
111,2015-12-24,37.01,37.23,36.82,37.07,2133437.0,0.0,1.0,37.01,37.23,36.82,37.07,2133437.0,,0.0,0.0,0.0,0.0,-0.03999999999999915,-1
112,2015-12-28,36.7,37.0,36.25,36.61,4930147.0,0.0,1.0,36.7,37.0,36.25,36.61,4930147.0,,0.0,0.0,0.0,0.0,-0.46000000000000085,-1
113,2015-12-29,36.92,37.45,36.75,37.08,3436624.0,0.0,1.0,36.92,37.45,36.75,37.08,3436624.0,"[[0.1, 16.0, 12.0]]",0.1,1.0,16.0,12.0,0.46999999999999886,1
114,2015-12-30,37.07,37.25,36.46,36.48,4106713.0,0.0,1.0,37.07,37.25,36.46,36.48,4106713.0,,0.0,0.0,0.0,0.0,-0.6000000000000014,-1
115,2015-12-31,36.3,36.5,36.0508,36.2,4481936.0,0.0,1.0,36.3,36.5,36.0508,36.2,4481936.0,"[[0.34545454545454546, 28.0, 8.0], [0.1555194805194805, 14.0, 3.0], [0.0, 15.0, 10.0]]",0.166991341991342,3.0,57.0,21.0,-0.27999999999999403,-1
116,2016-01-04,35.13,35.56,34.28,34.75,12287716.0,0.0,1.0,35.13,35.56,34.28,34.75,12287716.0,"[[0.20735930735930733, 10.0, 3.0]]",0.20735930735930733,1.0,10.0,3.0,-1.4500000000000028,-1
117,2016-01-05,34.98,34.98,33.86,34.31,11227717.0,0.0,1.0,34.98,34.98,33.86,34.31,11227717.0,"[[0.08611111111111111, 10.0, 2.0]]",0.08611111111111111,1.0,10.0,2.0,-0.4399999999999977,-1
118,2016-01-06,33.7,34.01,33.21,33.98,8441271.0,0.0,1.0,33.7,34.01,33.21,33.98,8441271.0,"[[0.09375, 24.0, 8.0], [0.0, 16.0, 1.0]]",0.046875,2.0,40.0,9.0,-0.3300000000000054,-1
119,2016-01-07,33.15,34.161,33.02,33.13,11041083.0,0.0,1.0,33.15,34.161,33.02,33.13,11041083.0,"[[0.6000000000000001, 37.0, 31.0], [0.25, 11.0, 3.0]]",0.42500000000000004,2.0,48.0,34.0,-0.8499999999999943,-1
120,2016-01-08,33.46,33.88,32.63,32.69,7848846.0,0.0,1.0,33.46,33.88,32.63,32.69,7848846.0,"[[0.0, 10.0, 6.0]]",0.0,1.0,10.0,6.0,-0.44000000000000483,-1
121,2016-01-11,33.02,33.43,32.47,33.04,8937358.0,0.0,1.0,33.02,33.43,32.47,33.04,8937358.0,"[[-0.5000000000000001, 6.0, 3.0]]",-0.5000000000000001,1.0,6.0,3.0,0.3500000000000014,1
122,2016-01-12,33.35,33.57,32.66,33.08,7853995.0,0.0,1.0,33.35,33.57,32.66,33.08,7853995.0,"[[0.0, 9.0, 3.0]]",0.0,1.0,9.0,3.0,0.03999999999999915,1
123,2016-01-13,33.28,33.57,31.97,32.12,8069449.0,0.0,1.0,33.28,33.57,31.97,32.12,8069449.0,"[[0.4875, 106.0, 72.0], [-0.14090909090909093, 9.0, 0.0], [0.8, 30.0, 6.0]]",0.38219696969696965,3.0,145.0,78.0,-0.9600000000000009,-1
124,2016-01-14,32.15,33.04,31.705,32.87,7749477.0,0.0,1.0,32.15,33.04,31.705,32.87,7749477.0,"[[0.0, 15.0, 14.0], [0.23535353535353534, 9.0, 1.0]]",0.11767676767676767,2.0,24.0,15.0,0.75,1
125,2016-01-15,31.62,32.54,31.62,32.31,12174356.0,0.0,1.0,31.62,32.54,31.62,32.31,12174356.0,"[[0.0, 10.0, 5.0], [0.06818181818181818, 8.0, 2.0]]",0.03409090909090909,2.0,18.0,7.0,-0.5599999999999952,-1
126,2016-01-19,32.76,33.18,31.93,32.2,6674703.0,0.0,1.0,32.76,33.18,31.93,32.2,6674703.0,"[[0.0125, 9.0, 4.0], [0.3181818181818182, 10.0, 7.0]]",0.1653409090909091,2.0,19.0,11.0,-0.10999999999999943,-1
127,2016-01-20,31.43,31.7,30.52,31.2,13170588.0,0.0,1.0,31.43,31.7,30.52,31.2,13170588.0,"[[0.0, 14.0, 8.0], [-0.25, 12.0, 3.0], [0.0, 6.0, 6.0], [0.056249999999999994, 9.0, 3.0], [0.0, 14.0, 10.0]]",-0.03875,5.0,55.0,30.0,-1.0000000000000036,-1
128,2016-01-21,31.61,31.74,30.9,31.2,9978942.0,0.0,1.0,31.61,31.74,30.9,31.2,9978942.0,"[[0.5, 16.0, 6.0], [-0.05, 12.0, 3.0]]",0.225,2.0,28.0,9.0,0.0,-1
129,2016-01-22,31.65,31.97,31.54,31.69,9443981.0,0.0,1.0,31.65,31.97,31.54,31.69,9443981.0,"[[-0.30000000000000004, 19.0, 8.0]]",-0.30000000000000004,1.0,19.0,8.0,0.490000000000002,1
130,2016-01-25,31.98,31.98,31.35,31.47,7591779.0,0.0,1.0,31.98,31.98,31.35,31.47,7591779.0,"[[0.0, 10.0, 0.0]]",0.0,1.0,10.0,0.0,-0.22000000000000242,-1
131,2016-01-26,31.49,31.98,31.39,31.97,8616958.0,0.0,1.0,31.49,31.98,31.39,31.97,8616958.0,"[[-0.2, 3.0, 1.0], [0.2, 5.0, 2.0]]",0.0,2.0,8.0,3.0,0.5,1
132,2016-01-27,31.96,32.63,31.38,31.59,12711682.0,0.0,1.0,31.96,32.63,31.38,31.59,12711682.0,"[[0.3181818181818182, 8.0, 3.0], [0.13636363636363635, 23.0, 22.0], [0.2816666666666667, 12.0, 5.0], [0.1875, 23.0, 10.0], [0.0, 8.0, 9.0], [0.0, 19.0, 11.0], [0.13636363636363635, 3.0, 2.0], [0.0, 43.0, 32.0], [-0.13333333333333333, 21.0, 14.0]]",0.10297138047138048,9.0,160.0,108.0,-0.379999999999999,-1
133,2016-01-28,33.63,34.75,33.35,34.24,20378569.0,0.0,1.0,33.63,34.75,33.35,34.24,20378569.0,"[[0.26666666666666666, 22.0, 13.0], [0.0625, 6.0, 0.0], [0.0, 17.0, 3.0]]",0.10972222222222222,3.0,45.0,16.0,2.650000000000002,1
134,2016-01-29,34.49,36.26,34.36,36.14,21201081.0,0.0,1.0,34.49,36.26,34.36,36.14,21201081.0,"[[0.2, 28.0, 6.0], [0.3333333333333333, 10.0, 1.0]]",0.26666666666666666,2.0,38.0,7.0,1.8999999999999986,1
135,2016-02-01,35.65,37.32,35.59,37.08,17356043.0,0.0,1.0,35.65,37.32,35.59,37.08,17356043.0,"[[0.0, 17.0, 7.0], [-0.4, 9.0, 4.0]]",-0.2,2.0,26.0,11.0,0.9399999999999977,1
136,2016-02-02,36.53,37.77,36.44,36.83,17310567.0,0.0,1.0,36.53,37.77,36.44,36.83,17310567.0,"[[0.0, 3.0, 0.0], [-0.4, 6.0, 4.0]]",-0.2,2.0,9.0,4.0,-0.25,-1
137,2016-02-03,36.87,37.55,36.07,37.01,14543103.0,0.0,1.0,36.87,37.55,36.07,37.01,14543103.0,"[[-0.06893939393939395, 18.0, 6.0], [0.10000000000000002, 19.0, 4.0]]",0.015530303030303033,2.0,37.0,10.0,0.17999999999999972,1
138,2016-02-04,36.66,37.285,36.54,37.17,10212258.0,0.0,1.0,36.66,37.285,36.54,37.17,10212258.0,"[[0.23484848484848483, 36.0, 33.0], [0.25, 26.0, 19.0], [0.21666666666666667, 25.0, 13.0]]",0.23383838383838385,3.0,87.0,65.0,0.1600000000000037,1
139,2016-02-05,37.16,37.16,34.82,35.07,16245837.0,0.0,1.0,37.16,37.16,34.82,35.07,16245837.0,"[[-0.4, 4.0, 5.0]]",-0.4,1.0,4.0,5.0,-2.1000000000000014,-1
140,2016-02-08,34.0,34.29,31.98,33.61,20628966.0,0.0,1.0,34.0,34.29,31.98,33.61,20628966.0,"[[0.0, 126.0, 95.0], [0.4, 136.0, 94.0], [-0.2, 58.0, 44.0], [0.0, 229.0, 204.0], [-0.03333333333333333, 180.0, 125.0], [0.0, 19.0, 11.0], [-0.2, 207.0, 177.0], [0.475, 273.0, 142.0], [0.0, 111.0, 71.0], [0.0, 144.0, 144.0], [0.0, 157.0, 118.0], [0.0, 110.0, 38.0], [0.375, 141.0, 152.0], [0.225, 14.0, 2.0], [0.5166666666666666, 170.0, 683.0], [0.85, 70.0, 55.0], [0.1, 299.0, 238.0], [0.6, 280.0, 113.0], [0.0, 201.0, 61.0], [0.0, 152.0, 151.0], [0.25, 181.0, 233.0], [0.4, 22.0, 8.0], [-0.03333333333333333, 132.0, 74.0], [0.3333333333333333, 122.0, 118.0], [0.0, 463.0, 1820.0], [0.0, 280.0, 149.0], [0.04999999999999999, 13.0, 9.0], [0.2833333333333333, 123.0, 87.0], [0.2857142857142857, 152.0, 152.0], [0.5, 37.0, 6.0]]",0.17257936507936508,30.0,4602.0,5374.0,-1.4600000000000009,-1
141,2016-02-09,32.8,33.858000000000004,31.64,32.7,16439154.0,0.0,1.0,32.8,33.858000000000004,31.64,32.7,16439154.0,"[[0.35, 20.0, 14.0], [0.0, 9.0, 3.0], [0.8, 24.0, 18.0]]",0.3833333333333333,3.0,53.0,35.0,-0.9099999999999966,-1
142,2016-02-10,33.62,33.94,32.82,32.9,8636453.0,0.0,1.0,33.62,33.94,32.82,32.9,8636453.0,"[[0.3333333333333333, 7.0, 3.0], [0.4, 14.0, 18.0]]",0.3666666666666667,2.0,21.0,21.0,0.19999999999999574,1
143,2016-02-11,32.12,33.64,32.01,33.52,13170076.0,0.0,1.0,32.12,33.64,32.01,33.52,13170076.0,"[[0.9, 11.0, 6.0], [0.8, 12.0, 6.0], [0.0, 31.0, 10.0]]",0.5666666666666668,3.0,54.0,22.0,0.6200000000000045,1
144,2016-02-12,33.97,34.44,33.81,34.3,9437119.0,0.0,1.0,33.97,34.44,33.81,34.3,9437119.0,"[[0.5, 17.0, 5.0], [0.0, 6.0, 3.0], [0.3275, 4.0, 4.0]]",0.2758333333333333,3.0,27.0,12.0,0.779999999999994,1
145,2016-02-16,34.65,35.52,34.48,35.46,9152381.0,0.0,1.0,34.65,35.52,34.48,35.46,9152381.0,"[[1.0, 7.0, 3.0], [-0.05, 21.0, 1.0]]",0.475,2.0,28.0,4.0,1.1600000000000037,1
146,2016-02-17,35.98,36.91,35.81,36.36,12070600.0,0.0,1.0,35.98,36.91,35.81,36.36,12070600.0,"[[0.375, 16.0, 8.0], [0.5, 12.0, 9.0]]",0.4375,2.0,28.0,17.0,0.8999999999999986,1
147,2016-02-18,36.41,36.53,35.66,36.31,9022079.0,0.0,1.0,36.41,36.53,35.66,36.31,9022079.0,"[[0.3, 27.0, 8.0]]",0.3,1.0,27.0,8.0,-0.04999999999999716,-1
148,2016-02-19,36.0,36.235,35.61,35.76,9652780.0,0.0,1.0,36.0,36.235,35.61,35.76,9652780.0,"[[0.0, 9.0, 3.0], [0.0, 7.0, 5.0]]",0.0,2.0,16.0,8.0,-0.5500000000000043,-1
149,2016-02-22,36.45,36.5,35.82,36.0,10476243.0,0.0,1.0,36.45,36.5,35.82,36.0,10476243.0,"[[0.13636363636363635, 40.0, 24.0], [0.13636363636363635, 15.0, 14.0], [0.0, 13.0, 10.0], [0.13636363636363635, 11.0, 7.0], [0.0, 10.0, 8.0]]",0.08181818181818182,5.0,89.0,63.0,0.240000000000002,1
150,2016-02-23,35.72,35.935,35.02,35.48,8415202.0,0.0,1.0,35.72,35.935,35.02,35.48,8415202.0,"[[0.4, 16.0, 12.0], [0.016666666666666677, 15.0, 6.0], [0.06818181818181818, 10.0, 10.0], [0.0, 9.0, 2.0]]",0.12121212121212122,4.0,50.0,30.0,-0.5200000000000031,-1
151,2016-02-24,35.22,36.75,34.86,36.47,8091152.0,0.0,1.0,35.22,36.75,34.86,36.47,8091152.0,"[[0.325, 17.0, 6.0], [0.21212121212121213, 75.0, 27.0]]",0.26856060606060606,2.0,92.0,33.0,0.990000000000002,1
152,2016-02-25,36.67,36.83,36.18,36.74,5209549.0,0.0,1.0,36.67,36.83,36.18,36.74,5209549.0,"[[0.21103896103896103, 45.0, 28.0]]",0.21103896103896103,1.0,45.0,28.0,0.2700000000000031,1
153,2016-02-26,36.73,37.535,36.37,37.49,8594979.0,0.0,1.0,36.73,37.535,36.37,37.49,8594979.0,"[[0.9, 15.0, 7.0], [0.5375, 16.0, 7.0], [0.3, 9.0, 3.0], [0.4, 16.0, 12.0], [1.0, 16.0, 8.0]]",0.6275000000000001,5.0,72.0,37.0,0.75,1
154,2016-02-29,37.47,38.93,37.45,38.14,23939899.0,0.0,1.0,37.47,38.93,37.45,38.14,23939899.0,"[[0.0, 21.0, 16.0]]",0.0,1.0,21.0,16.0,0.6499999999999986,1
155,2016-03-01,38.52,39.545,38.02,39.25,14085282.0,0.0,1.0,38.52,39.545,38.02,39.25,14085282.0,"[[0.6, 6.0, 5.0], [0.0, 14.0, 11.0]]",0.3,2.0,20.0,16.0,1.1099999999999994,1
156,2016-03-02,39.2,39.93,38.7,39.16,12895941.0,0.0,1.0,39.2,39.93,38.7,39.16,12895941.0,"[[0.0, 25.0, 13.0], [0.5, 15.0, 8.0]]",0.25,2.0,40.0,21.0,-0.09000000000000341,-1
157,2016-03-03,38.96,39.24,38.629,39.02,7656878.0,0.0,1.0,38.96,39.24,38.629,39.02,7656878.0,"[[0.0, 22.0, 7.0], [0.3, 27.0, 15.0], [0.35, 17.0, 7.0]]",0.21666666666666665,3.0,66.0,29.0,-0.13999999999999346,-1
158,2016-03-04,38.77,39.7,38.755,39.04,7200095.0,0.0,1.0,38.77,39.7,38.755,39.04,7200095.0,"[[0.8, 50.0, 17.0], [0.65, 12.0, 3.0]]",0.7250000000000001,2.0,62.0,20.0,0.01999999999999602,1
159,2016-03-07,38.78,39.4,38.7202,38.98,5340266.0,0.0,1.0,38.78,39.4,38.7202,38.98,5340266.0,"[[0.3, 13.0, 16.0]]",0.3,1.0,13.0,16.0,-0.060000000000002274,-1
160,2016-03-08,38.69,38.88,38.11,38.16,5940909.0,0.0,1.0,38.69,38.88,38.11,38.16,5940909.0,"[[0.38749999999999996, 14.0, 6.0], [0.13636363636363635, 27.0, 14.0]]",0.26193181818181815,2.0,41.0,20.0,-0.8200000000000003,-1
161,2016-03-09,38.48,38.62,37.82,38.57,4990510.0,0.0,1.0,38.48,38.62,37.82,38.57,4990510.0,"[[0.425, 9.0, 1.0], [-0.55, 20.0, 17.0]]",-0.06250000000000003,2.0,29.0,18.0,0.4100000000000037,1
162,2016-03-10,38.66,39.3,37.48,38.49,7655723.0,0.0,1.0,38.66,39.3,37.48,38.49,7655723.0,"[[0.41875, 21.0, 14.0]]",0.41875,1.0,21.0,14.0,-0.0799999999999983,-1
163,2016-03-11,39.0,39.53,38.85,39.49,9539513.0,0.0,1.0,39.0,39.53,38.85,39.49,9539513.0,"[[0.0, 5.0, 2.0], [-0.08333333333333333, 32.0, 27.0]]",-0.041666666666666664,2.0,37.0,29.0,1.0,1
164,2016-03-14,39.4,39.8,39.04,39.38,5299665.0,0.0,1.0,39.4,39.8,39.04,39.38,5299665.0,"[[0.0, 15.0, 13.0]]",0.0,1.0,15.0,13.0,-0.10999999999999943,-1
165,2016-03-15,39.05,39.64,39.05,39.27,5013862.0,0.0,1.0,39.05,39.64,39.05,39.27,5013862.0,"[[0.25, 15.0, 5.0], [0.5, 11.0, 6.0]]",0.375,2.0,26.0,11.0,-0.10999999999999943,-1
166,2016-03-16,39.09,39.89,38.57,39.84,6363503.0,0.0,1.0,39.09,39.89,38.57,39.84,6363503.0,"[[0.5, 14.0, 9.0]]",0.5,1.0,14.0,9.0,0.5700000000000003,1
167,2016-03-17,39.85,40.12,39.17,39.93,9789562.0,0.0,1.0,39.85,40.12,39.17,39.93,9789562.0,"[[-0.1, 40.0, 23.0], [0.0, 17.0, 14.0]]",-0.05,2.0,57.0,37.0,0.0899999999999963,1
168,2016-03-18,39.86,39.86,38.69,39.41,15132391.0,0.0,1.0,39.86,39.86,38.69,39.41,15132391.0,"[[0.0, 13.0, 4.0], [0.35, 5.0, 2.0], [0.37878787878787873, 9.0, 5.0], [0.0, 18.0, 8.0]]",0.1821969696969697,4.0,45.0,19.0,-0.5200000000000031,-1
169,2016-03-21,39.41,41.17,39.2,41.14,13432446.0,0.0,1.0,39.41,41.17,39.2,41.14,13432446.0,"[[0.8, 18.0, 12.0], [0.125, 27.0, 13.0]]",0.4625,2.0,45.0,25.0,1.730000000000004,1
170,2016-03-22,40.67,41.75,40.63,41.32,10552302.0,0.0,1.0,40.67,41.75,40.63,41.32,10552302.0,"[[0.0, 25.0, 18.0]]",0.0,1.0,25.0,18.0,0.17999999999999972,1
171,2016-03-23,41.06,41.31,40.04,40.52,8104680.0,0.0,1.0,41.06,41.31,40.04,40.52,8104680.0,"[[0.8, 20.0, 10.0]]",0.8,1.0,20.0,10.0,-0.7999999999999972,-1
172,2016-03-24,39.4,39.51,37.0,38.92,15040554.0,0.0,1.0,39.4,39.51,37.0,38.92,15040554.0,"[[0.8, 335.0, 282.0], [0.0, 27.0, 8.0]]",0.4,2.0,362.0,290.0,-1.6000000000000014,-1
173,2016-03-28,38.81,39.17,38.62,38.74,6192899.0,0.0,1.0,38.81,39.17,38.62,38.74,6192899.0,,0.0,0.0,0.0,0.0,-0.17999999999999972,-1
174,2016-03-29,38.74,39.715,38.3,39.53,5694000.0,0.0,1.0,38.74,39.715,38.3,39.53,5694000.0,"[[0.0, 39.0, 13.0], [0.3, 12.0, 4.0], [0.4166666666666667, 23.0, 8.0]]",0.2388888888888889,3.0,74.0,25.0,0.7899999999999991,1
175,2016-03-30,39.94,40.0399,38.995,39.04,5246797.0,0.0,1.0,39.94,40.0399,38.995,39.04,5246797.0,"[[0.0, 17.0, 6.0], [0.0, 26.0, 6.0]]",0.0,2.0,43.0,12.0,-0.490000000000002,-1
176,2016-03-31,38.74,39.0,38.43,38.6,8086983.0,0.0,1.0,38.74,39.0,38.43,38.6,8086983.0,"[[0.3181818181818182, 11.0, 2.0], [0.13636363636363635, 12.0, 4.0], [0.25, 19.0, 4.0]]",0.23484848484848486,3.0,42.0,10.0,-0.4399999999999977,-1
177,2016-04-01,38.51,39.46,38.4,39.4,6982014.0,0.0,1.0,38.51,39.46,38.4,39.4,6982014.0,"[[0.0, 12.0, 4.0], [0.0, 17.0, 7.0]]",0.0,2.0,29.0,11.0,0.7999999999999972,1
178,2016-04-04,39.36,39.38,38.41,38.79,5381340.0,0.0,1.0,39.36,39.38,38.41,38.79,5381340.0,,0.0,0.0,0.0,0.0,-0.6099999999999994,-1
179,2016-04-05,38.35,38.81,37.7,38.55,5364753.0,0.0,1.0,38.35,38.81,37.7,38.55,5364753.0,"[[0.0, 1555.0, 945.0], [0.4, 10.0, 9.0]]",0.2,2.0,1565.0,954.0,-0.240000000000002,-1
180,2016-04-06,38.45,39.185,38.25,39.16,5526193.0,0.0,1.0,38.45,39.185,38.25,39.16,5526193.0,"[[0.25, 83.0, 52.0], [0.0, 20.0, 13.0], [0.0, 13.0, 6.0]]",0.08333333333333333,3.0,116.0,71.0,0.6099999999999994,1
181,2016-04-07,38.85,38.94,38.12,38.28,7294453.0,0.0,1.0,38.85,38.94,38.12,38.28,7294453.0,"[[0.4, 20.0, 7.0]]",0.4,1.0,20.0,7.0,-0.8799999999999955,-1
182,2016-04-08,38.61,38.6989,38.1,38.41,7822305.0,0.0,1.0,38.61,38.6989,38.1,38.41,7822305.0,"[[0.6166666666666667, 49.0, 22.0], [1.0, 10.0, 4.0], [0.0, 21.0, 15.0]]",0.5388888888888889,3.0,80.0,41.0,0.12999999999999545,1
183,2016-04-11,38.33,38.82,38.03,38.06,5428928.0,0.0,1.0,38.33,38.82,38.03,38.06,5428928.0,,0.0,0.0,0.0,0.0,-0.3499999999999943,-1
184,2016-04-12,38.32,38.32,37.34,37.8,7677829.0,0.0,1.0,38.32,38.32,37.34,37.8,7677829.0,"[[0.0, 18.0, 11.0], [0.3333333333333333, 106.0, 38.0], [0.39999999999999997, 10.0, 5.0]]",0.24444444444444444,3.0,134.0,54.0,-0.2600000000000051,-1
185,2016-04-13,38.25,39.12,38.19,38.79,7082364.0,0.0,1.0,38.25,39.12,38.19,38.79,7082364.0,"[[0.5, 19.0, 30.0], [0.0, 12.0, 7.0]]",0.25,2.0,31.0,37.0,0.990000000000002,1
186,2016-04-14,38.94,39.02,38.415,38.64,4590156.0,0.0,1.0,38.94,39.02,38.415,38.64,4590156.0,"[[0.16666666666666666, 78.0, 22.0]]",0.16666666666666666,1.0,78.0,22.0,-0.14999999999999858,-1
187,2016-04-15,38.69,38.95,38.29,38.58,5239576.0,0.0,1.0,38.69,38.95,38.29,38.58,5239576.0,"[[0.1, 8.0, 3.0], [0.15, 43.0, 12.0]]",0.125,2.0,51.0,15.0,-0.060000000000002274,-1
188,2016-04-18,38.56,39.69,38.43,39.64,6433030.0,0.0,1.0,38.56,39.69,38.43,39.64,6433030.0,,0.0,0.0,0.0,0.0,1.0600000000000023,1
189,2016-04-19,39.75,40.07,38.975,39.24,5915827.0,0.0,1.0,39.75,40.07,38.975,39.24,5915827.0,"[[0.43333333333333335, 19.0, 12.0], [0.0, 5.0, 5.0], [-0.1875, 9.0, 4.0], [0.4, 17.0, 5.0]]",0.16145833333333334,4.0,50.0,26.0,-0.3999999999999986,-1
190,2016-04-20,39.24,40.24,39.17,40.08,7723520.0,0.0,1.0,39.24,40.24,39.17,40.08,7723520.0,"[[0.65, 22.0, 5.0], [0.5, 31.0, 12.0], [0.36818181818181817, 13.0, 7.0]]",0.506060606060606,3.0,66.0,24.0,0.8399999999999963,1
191,2016-04-21,40.2,40.55,40.0138,40.1,5539350.0,0.0,1.0,40.2,40.55,40.0138,40.1,5539350.0,"[[0.13636363636363635, 43.0, 27.0], [0.0, 44.0, 20.0]]",0.06818181818181818,2.0,87.0,47.0,0.020000000000003126,1
192,2016-04-22,39.72,40.635,39.68,40.31,6433904.0,0.0,1.0,39.72,40.635,39.68,40.31,6433904.0,"[[0.0, 9.0, 3.0], [0.6000000000000001, 73.0, 19.0], [0.0, 48.0, 20.0]]",0.20000000000000004,3.0,130.0,42.0,0.21000000000000085,1
193,2016-04-25,40.27,40.84,39.54,39.82,7934207.0,0.0,1.0,40.27,40.84,39.54,39.82,7934207.0,"[[-0.1, 49.0, 93.0]]",-0.1,1.0,49.0,93.0,-0.490000000000002,-1
194,2016-04-26,39.57,40.13,39.33,39.73,5271169.0,0.0,1.0,39.57,40.13,39.33,39.73,5271169.0,"[[0.08124999999999999, 9.0, 4.0], [0.0, 13.0, 11.0]]",0.040624999999999994,2.0,22.0,15.0,-0.09000000000000341,-1
195,2016-04-27,39.68,40.18,39.2,40.01,12727635.0,0.0,1.0,39.68,40.18,39.2,40.01,12727635.0,"[[0.0, 20.0, 18.0], [0.5, 12.0, 31.0], [0.0, 29.0, 8.0], [0.13636363636363635, 8.0, 4.0], [0.0, 30.0, 42.0], [0.3181818181818182, 21.0, 8.0], [0.5, 29.0, 14.0], [0.05, 46.0, 57.0]]",0.18806818181818183,8.0,195.0,182.0,0.28000000000000114,1
196,2016-04-28,41.0,41.49,39.91,40.07,17799975.0,0.0,1.0,41.0,41.49,39.91,40.07,17799975.0,"[[-0.1875, 15.0, 7.0], [0.14285714285714285, 15.0, 7.0]]",-0.022321428571428575,2.0,30.0,14.0,0.060000000000002274,1
197,2016-04-29,39.71,39.87,38.59,39.18,10001401.0,0.0,1.0,39.71,39.87,38.59,39.18,10001401.0,"[[0.0, 22.0, 4.0], [0.4944444444444444, 47.0, 10.0], [0.175, 11.0, 6.0]]",0.22314814814814812,3.0,80.0,20.0,-0.8900000000000006,-1
198,2016-05-02,39.07,39.27,38.73,39.02,6777514.0,0.0,1.0,39.07,39.27,38.73,39.02,6777514.0,"[[-0.25, 13.0, 7.0], [0.0, 27.0, 19.0]]",-0.125,2.0,40.0,26.0,-0.1599999999999966,-1
199,2016-05-03,38.63,38.97,38.14,38.36,9146618.0,0.0,1.0,38.63,38.97,38.14,38.36,9146618.0,"[[0.0, 95.0, 27.0], [0.22499999999999998, 95.0, 13.0], [0.45, 29.0, 10.0], [-0.2, 15.0, 4.0]]",0.11875000000000001,4.0,234.0,54.0,-0.6600000000000037,-1
200,2016-05-04,38.07,38.46,37.87,38.31,8121646.0,0.0,1.0,38.07,38.46,37.87,38.31,8121646.0,"[[0.5, 20.0, 7.0], [0.0, 13.0, 5.0], [0.31666666666666665, 8.0, 4.0]]",0.2722222222222222,3.0,41.0,16.0,-0.04999999999999716,-1
201,2016-05-05,38.38,39.119,38.32,38.95,7127183.0,0.0,1.0,38.38,39.119,38.32,38.95,7127183.0,"[[0.0, 14.0, 43.0], [0.375, 8.0, 3.0], [0.0, 73.0, 9.0]]",0.125,3.0,95.0,55.0,0.6400000000000006,1
202,2016-05-06,38.71,39.7,38.61,39.48,6566908.0,0.0,1.0,38.71,39.7,38.61,39.48,6566908.0,"[[0.16666666666666669, 39.0, 10.0], [0.6000000000000001, 13.0, 2.0]]",0.3833333333333334,2.0,52.0,12.0,0.529999999999994,1
203,2016-05-09,39.42,40.18,39.33,39.62,5860985.0,0.0,1.0,39.42,40.18,39.33,39.62,5860985.0,"[[0.25, 12.0, 2.0]]",0.25,1.0,12.0,2.0,0.14000000000000057,1
204,2016-05-10,39.62,40.15,39.24,40.11,6589127.0,0.0,1.0,39.62,40.15,39.24,40.11,6589127.0,"[[0.0, 82.0, 26.0], [0.05, 2.0, 1.0]]",0.025,2.0,84.0,27.0,0.490000000000002,1
205,2016-05-11,39.57,40.3143,39.57,39.71,5995494.0,0.0,1.0,39.57,40.3143,39.57,39.71,5995494.0,"[[0.4, 10.0, 5.0], [0.5, 16.0, 5.0], [0.08, 19.0, 8.0]]",0.32666666666666666,3.0,45.0,18.0,-0.3999999999999986,-1
206,2016-05-12,39.85,40.0,39.17,39.51,6323088.0,0.0,1.0,39.85,40.0,39.17,39.51,6323088.0,,0.0,0.0,0.0,0.0,-0.20000000000000284,-1
207,2016-05-13,39.54,39.8,39.31,39.48,5885930.0,0.0,1.0,39.54,39.8,39.31,39.48,5885930.0,"[[0.0375, 30.0, 6.0], [0.0, 17.0, 6.0], [-0.025568181818181823, 17.0, 3.0], [0.3, 33.0, 6.0], [0.3, 20.0, 5.0]]",0.12238636363636361,5.0,117.0,26.0,-0.030000000000001137,-1
208,2016-05-16,39.36,39.53,39.13,39.3,10316036.0,0.0,1.0,39.36,39.53,39.13,39.3,10316036.0,,0.0,0.0,0.0,0.0,-0.17999999999999972,-1
209,2016-05-17,39.1,39.66,38.75,39.065,10746107.0,0.0,1.0,39.1,39.66,38.75,39.065,10746107.0,"[[-0.058712121212121215, 30.0, 17.0], [-0.1, 22.0, 9.0]]",-0.07935606060606061,2.0,52.0,26.0,-0.23499999999999943,-1
210,2016-05-18,39.18,39.36,38.5,38.98,10393509.0,0.0,1.0,39.18,39.36,38.5,38.98,10393509.0,"[[0.17857142857142858, 18.0, 3.0]]",0.17857142857142858,1.0,18.0,3.0,-0.08500000000000085,-1
211,2016-05-19,38.81,38.88,37.31,37.65,17041329.0,0.0,1.0,38.81,38.88,37.31,37.65,17041329.0,"[[0.4, 10.0, 7.0], [0.0, 21.0, 9.0], [0.5, 156.0, 39.0]]",0.3,3.0,187.0,55.0,-1.3299999999999983,-1
212,2016-05-20,37.79,37.95,37.49,37.53,12497204.0,0.0,1.0,37.79,37.95,37.49,37.53,12497204.0,"[[0.0, 16.0, 9.0], [0.6, 28.0, 8.0], [0.0, 19.0, 6.0]]",0.19999999999999998,3.0,63.0,23.0,-0.11999999999999744,-1
213,2016-05-23,37.68,38.23,37.39,38.07,9083796.0,0.0,1.0,37.68,38.23,37.39,38.07,9083796.0,"[[0.0, 22.0, 8.0]]",0.0,1.0,22.0,8.0,0.5399999999999991,1
214,2016-05-24,38.28,39.005,38.28,38.92,7555190.0,0.0,1.0,38.28,39.005,38.28,38.92,7555190.0,"[[0.4, 55.0, 17.0]]",0.4,1.0,55.0,17.0,0.8500000000000014,1
215,2016-05-25,38.87,39.06,38.51,38.76,6561151.0,0.0,1.0,38.87,39.06,38.51,38.76,6561151.0,"[[0.0, 32.0, 12.0]]",0.0,1.0,32.0,12.0,-0.1600000000000037,-1
216,2016-05-26,38.71,38.74,38.0,38.07,5894744.0,0.0,1.0,38.71,38.74,38.0,38.07,5894744.0,"[[0.8, 14.0, 12.0], [0.3, 38.0, 16.0], [0.5, 21.0, 5.0]]",0.5333333333333333,3.0,73.0,33.0,-0.6899999999999977,-1
217,2016-05-27,38.0,38.345,37.92,38.09,5863610.0,0.0,1.0,38.0,38.345,37.92,38.09,5863610.0,"[[-0.09375, 29.0, 7.0], [0.21212121212121213, 82.0, 25.0]]",0.059185606060606064,2.0,111.0,32.0,0.020000000000003126,1
218,2016-05-31,37.96,38.03,37.5,37.79,12231362.0,0.0,1.0,37.96,38.03,37.5,37.79,12231362.0,"[[0.13333333333333333, 35.0, 18.0]]",0.13333333333333333,1.0,35.0,18.0,-0.30000000000000426,-1
219,2016-06-01,37.81,38.479,37.71,38.31,5458457.0,0.0,1.0,37.81,38.479,37.71,38.31,5458457.0,"[[0.0, 18.0, 13.0]]",0.0,1.0,18.0,13.0,0.5200000000000031,1
220,2016-06-02,38.42,38.685,38.32,38.56,4659221.0,0.0,1.0,38.42,38.685,38.32,38.56,4659221.0,"[[-0.09375, 12.0, 6.0]]",-0.09375,1.0,12.0,6.0,0.25,1
221,2016-06-03,38.44,38.59,37.8125,38.33,4986042.0,0.0,1.0,38.44,38.59,37.8125,38.33,4986042.0,"[[0.0, 16.0, 11.0], [0.0, 24.0, 11.0], [0.6, 52.0, 15.0]]",0.19999999999999998,3.0,92.0,37.0,-0.23000000000000398,-1
222,2016-06-06,38.47,38.49,37.98,38.1,5065932.0,0.0,1.0,38.47,38.49,37.98,38.1,5065932.0,"[[0.2857142857142857, 49.0, 10.0], [0.35000000000000003, 183.0, 68.0]]",0.31785714285714284,2.0,232.0,78.0,-0.22999999999999687,-1
223,2016-06-07,38.07,38.48,37.52,37.57,6324422.0,0.0,1.0,38.07,38.48,37.52,37.57,6324422.0,"[[0.4, 31.0, 10.0], [0.0, 11.0, 5.0]]",0.2,2.0,42.0,15.0,-0.5300000000000011,-1
224,2016-06-08,37.53,37.7,37.06,37.55,8667370.0,0.0,1.0,37.53,37.7,37.06,37.55,8667370.0,"[[0.6, 10.0, 2.0], [0.0, 18.0, 6.0], [0.0, 144.0, 26.0]]",0.19999999999999998,3.0,172.0,34.0,-0.020000000000003126,-1
225,2016-06-09,37.48,37.57,37.11,37.13,10206706.0,0.0,1.0,37.48,37.57,37.11,37.13,10206706.0,"[[0.09999999999999998, 38.0, 12.0], [0.2, 11.0, 2.0], [0.5, 62.0, 15.0]]",0.26666666666666666,3.0,111.0,29.0,-0.4199999999999946,-1
226,2016-06-10,36.83,37.05,36.62,36.77,7741351.0,0.0,1.0,36.83,37.05,36.62,36.77,7741351.0,"[[0.0, 46.0, 14.0]]",0.0,1.0,46.0,14.0,-0.35999999999999943,-1
227,2016-06-13,36.5,37.11,36.495,36.54,8215970.0,0.0,1.0,36.5,37.11,36.495,36.54,8215970.0,,0.0,0.0,0.0,0.0,-0.23000000000000398,-1
228,2016-06-14,36.37,37.275,36.25,37.16,10281933.0,0.0,1.0,36.37,37.275,36.25,37.16,10281933.0,"[[0.8, 1043.0, 322.0], [0.0, 15.0, 7.0]]",0.4,2.0,1058.0,329.0,0.6199999999999974,1
229,2016-06-15,37.16,37.2198,36.785,36.84,7092048.0,0.0,1.0,37.16,37.2198,36.785,36.84,7092048.0,"[[0.0, 63.0, 18.0], [0.175, 71.0, 54.0], [-0.5, 22.0, 12.0], [0.0, 27.0, 14.0], [0.06818181818181818, 22.0, 10.0]]",-0.05136363636363637,5.0,205.0,108.0,-0.3199999999999932,-1
230,2016-06-16,36.62,37.04,36.35,36.97,6106029.0,0.0,1.0,36.62,37.04,36.35,36.97,6106029.0,"[[0.11818181818181818, 8.0, 5.0], [0.0, 45.0, 20.0], [0.0, 16.0, 5.0]]",0.03939393939393939,3.0,69.0,30.0,0.12999999999999545,1
231,2016-06-17,37.03,37.18,36.63,36.97,7947873.0,0.0,1.0,37.03,37.18,36.63,36.97,7947873.0,"[[0.0, 38.0, 14.0], [0.2, 11.0, 2.0]]",0.1,2.0,49.0,16.0,0.0,-1
232,2016-06-20,37.28,37.76,36.82,36.86,7789608.0,0.0,1.0,37.28,37.76,36.82,36.86,7789608.0,"[[0.4, 29.0, 13.0]]",0.4,1.0,29.0,13.0,-0.10999999999999943,-1
233,2016-06-21,36.8,36.8,35.95,36.16,12816091.0,0.0,1.0,36.8,36.8,35.95,36.16,12816091.0,"[[0.45, 21.0, 4.0]]",0.45,1.0,21.0,4.0,-0.7000000000000028,-1
234,2016-06-22,36.28,36.4928,35.78,36.0,9292358.0,0.0,1.0,36.28,36.4928,35.78,36.0,9292358.0,"[[0.0, 19.0, 6.0]]",0.0,1.0,19.0,6.0,-0.1599999999999966,-1
235,2016-06-23,36.27,36.665,36.05,36.66,4808720.0,0.0,1.0,36.27,36.665,36.05,36.66,4808720.0,,0.0,0.0,0.0,0.0,0.6599999999999966,1
236,2016-06-24,35.0,35.725,34.61,35.08,17647191.0,0.0,1.0,35.0,35.725,34.61,35.08,17647191.0,"[[0.0, 29.0, 5.0]]",0.0,1.0,29.0,5.0,-1.5799999999999983,-1
237,2016-06-27,34.74,34.76,34.0,34.2,11219538.0,0.0,1.0,34.74,34.76,34.0,34.2,11219538.0,"[[0.2833333333333333, 27.0, 9.0], [-0.4, 15.0, 6.0]]",-0.05833333333333335,2.0,42.0,15.0,-0.8799999999999955,-1
238,2016-06-28,34.46,35.25,34.23,35.24,12408155.0,0.0,1.0,34.46,35.25,34.23,35.24,12408155.0,"[[0.2, 5.0, 1.0], [0.25, 43.0, 97.0], [0.4666666666666667, 11.0, 2.0], [0.0, 26.0, 5.0]]",0.22916666666666669,4.0,85.0,105.0,1.0399999999999991,1
239,2016-06-29,35.69,35.905,35.29,35.77,9520385.0,0.0,1.0,35.69,35.905,35.29,35.77,9520385.0,"[[0.0, 20.0, 15.0], [0.0875, 7.0, 3.0]]",0.04375,2.0,27.0,18.0,0.5300000000000011,1
240,2016-06-30,35.81,36.53,35.59,36.51,9152990.0,0.0,1.0,35.81,36.53,35.59,36.51,9152990.0,"[[0.0, 60.0, 14.0], [0.7, 27.0, 5.0]]",0.35,2.0,87.0,19.0,0.7399999999999949,1
241,2016-07-01,36.6,36.67,36.25,36.35,7260381.0,0.0,1.0,36.6,36.67,36.25,36.35,7260381.0,"[[-0.05, 55.0, 16.0], [0.0, 15.0, 4.0]]",-0.025,2.0,70.0,20.0,-0.1599999999999966,-1
242,2016-07-05,36.3,36.36,35.87,36.12,5321119.0,0.0,1.0,36.3,36.36,35.87,36.12,5321119.0,"[[0.35, 14.0, 11.0], [0.5, 8.0, 2.0]]",0.425,2.0,22.0,13.0,-0.23000000000000398,-1
243,2016-07-06,35.94,36.17,35.715,35.93,7821280.0,0.0,1.0,35.94,36.17,35.715,35.93,7821280.0,"[[0.0, 16.0, 6.0], [0.25, 117.0, 29.0]]",0.125,2.0,133.0,35.0,-0.18999999999999773,-1
244,2016-07-07,35.92,36.39,35.84,36.32,7326735.0,0.0,1.0,35.92,36.39,35.84,36.32,7326735.0,"[[0.5, 30.0, 17.0]]",0.5,1.0,30.0,17.0,0.39000000000000057,1
245,2016-07-08,36.78,37.46,36.66,37.36,6828882.0,0.0,1.0,36.78,37.46,36.66,37.36,6828882.0,,0.0,0.0,0.0,0.0,1.0399999999999991,1
246,2016-07-11,37.45,38.33,37.4,38.15,10096189.0,0.0,1.0,37.45,38.33,37.4,38.15,10096189.0,"[[1.0, 15.0, 5.0]]",1.0,1.0,15.0,5.0,0.7899999999999991,1
247,2016-07-12,38.47,38.91,38.24,38.79,10006323.0,0.0,1.0,38.47,38.91,38.24,38.79,10006323.0,,0.0,0.0,0.0,0.0,0.6400000000000006,1
248,2016-07-13,38.84,39.99,38.83,39.28,12458481.0,0.0,1.0,38.84,39.99,38.83,39.28,12458481.0,"[[0.0, 21.0, 9.0], [0.0, 23.0, 8.0]]",0.0,2.0,44.0,17.0,0.490000000000002,1
249,2016-07-14,39.69,40.07,39.4,39.96,9683504.0,0.0,1.0,39.69,40.07,39.4,39.96,9683504.0,"[[1.0, 23.0, 12.0]]",1.0,1.0,23.0,12.0,0.6799999999999997,1
250,2016-07-15,40.02,40.07,38.98,39.09,8140573.0,0.0,1.0,40.02,40.07,38.98,39.09,8140573.0,,0.0,0.0,0.0,0.0,-0.8699999999999974,-1
251,2016-07-18,39.13,39.22,38.73,38.92,7877439.0,0.0,1.0,39.13,39.22,38.73,38.92,7877439.0,"[[0.65, 38.0, 14.0]]",0.65,1.0,38.0,14.0,-0.1700000000000017,-1
252,2016-07-19,38.97,39.465,38.83,39.37,8120130.0,0.0,1.0,38.97,39.465,38.83,39.37,8120130.0,,0.0,0.0,0.0,0.0,0.44999999999999574,1
253,2016-07-20,39.44,40.45,39.12,40.05,11189094.0,0.0,1.0,39.44,40.45,39.12,40.05,11189094.0,"[[0.43333333333333335, 24.0, 6.0]]",0.43333333333333335,1.0,24.0,6.0,0.6799999999999997,1
254,2016-07-21,40.33,40.33,39.65,40.13,13363317.0,0.0,1.0,40.33,40.33,39.65,40.13,13363317.0,"[[0.5, 47.0, 36.0], [0.0, 17.0, 2.0], [0.0, 55.0, 123.0], [0.0, 17.0, 6.0], [0.0, 22.0, 19.0], [0.4333333333333333, 8.0, 6.0], [0.13636363636363635, 57.0, 93.0], [0.13636363636363635, 7.0, 3.0], [0.3181818181818182, 9.0, 4.0], [0.5, 6.0, 3.0], [0.0, 15.0, 10.0], [0.0, 16.0, 6.0]]",0.1686868686868687,12.0,276.0,311.0,0.0800000000000054,1
255,2016-07-22,37.3,37.59,36.43,37.42,36397318.0,0.0,1.0,37.3,37.59,36.43,37.42,36397318.0,"[[0.0, 33.0, 9.0]]",0.0,1.0,33.0,9.0,-2.710000000000001,-1
256,2016-07-25,37.7,38.18,37.62,37.78,16904133.0,0.0,1.0,37.7,38.18,37.62,37.78,16904133.0,,0.0,0.0,0.0,0.0,0.35999999999999943,1
257,2016-07-26,37.78,38.27,37.6,37.69,10279223.0,0.0,1.0,37.78,38.27,37.6,37.69,10279223.0,,0.0,0.0,0.0,0.0,-0.09000000000000341,-1
258,2016-07-27,37.64,37.69,37.045,37.22,8894242.0,0.0,1.0,37.64,37.69,37.045,37.22,8894242.0,"[[-0.25, 104.0, 23.0], [-0.051851851851851864, 34.0, 16.0]]",-0.15092592592592594,2.0,138.0,39.0,-0.46999999999999886,-1
259,2016-07-28,37.4,37.68,37.101,37.22,5111331.0,0.0,1.0,37.4,37.68,37.101,37.22,5111331.0,"[[0.31666666666666665, 42.0, 13.0]]",0.31666666666666665,1.0,42.0,13.0,0.0,-1
260,2016-07-29,37.41,37.48,36.86,37.24,6850060.0,0.0,1.0,37.41,37.48,36.86,37.24,6850060.0,"[[0.125, 82.0, 12.0]]",0.125,1.0,82.0,12.0,0.020000000000003126,1
261,2016-08-01,37.43,37.44,36.9,37.06,5473949.0,0.0,1.0,37.43,37.44,36.9,37.06,5473949.0,"[[0.5, 17.0, 11.0], [0.0, 5.0, 6.0], [0.0, 23.0, 7.0], [0.425, 10.0, 3.0]]",0.23125,4.0,55.0,27.0,-0.17999999999999972,-1
262,2016-08-02,37.06,37.0852,36.36,36.54,5997704.0,0.0,1.0,37.06,37.0852,36.36,36.54,5997704.0,"[[0.0, 25.0, 107.0], [-0.4, 7.0, 3.0]]",-0.2,2.0,32.0,110.0,-0.5200000000000031,-1
263,2016-08-03,36.59,36.74,36.28,36.58,7663836.0,0.0,1.0,36.59,36.74,36.28,36.58,7663836.0,"[[0.2, 48.0, 10.0], [0.4875, 3.0, 3.0], [0.0, 17.0, 3.0], [0.0, 5.0, 1.0]]",0.171875,4.0,73.0,17.0,0.03999999999999915,1
264,2016-08-04,36.82,37.39,36.73,37.3,7507761.0,0.0,1.0,36.82,37.39,36.73,37.3,7507761.0,"[[0.0, 4.0, 5.0], [0.0, 8.0, 1.0], [0.0, 6.0, 4.0], [0.11964285714285713, 137.0, 10.0]]",0.029910714285714284,4.0,155.0,20.0,0.7199999999999989,1
265,2016-08-05,37.55,38.15,37.55,38.1,7670438.0,0.0,1.0,37.55,38.15,37.55,38.1,7670438.0,"[[0.2875, 4.0, 4.0], [0.23333333333333336, 7.0, 3.0], [-0.4, 36.0, 13.0], [-0.4, 15.0, 1.0], [0.2, 4.0, 3.0], [0.0, 7.0, 4.0], [0.3, 6.0, 2.0], [0.26666666666666666, 12.0, 3.0], [0.4, 9.0, 3.0], [1.0, 38.0, 8.0], [0.2, 9.0, 3.0], [0.0, 58.0, 6.0], [0.0, 4.0, 2.0]]",0.16057692307692306,13.0,209.0,55.0,0.8000000000000043,1
266,2016-08-08,38.19,38.3,37.65,37.91,6101319.0,0.0,1.0,38.19,38.3,37.65,37.91,6101319.0,"[[0.0, 13.0, 3.0], [0.16, 10.0, 5.0], [-0.11666666666666668, 8.0, 3.0], [0.0, 3.0, 3.0], [0.01111111111111109, 17.0, 7.0], [0.2, 65.0, 8.0], [-0.06666666666666667, 8.0, 4.0], [0.825, 3.0, 1.0]]",0.12659722222222222,8.0,127.0,34.0,-0.19000000000000483,-1
267,2016-08-09,38.03,38.14,37.88,38.1,5049127.0,0.0,1.0,38.03,38.14,37.88,38.1,5049127.0,"[[0.44999999999999996, 33.0, 14.0]]",0.44999999999999996,1.0,33.0,14.0,0.19000000000000483,1
268,2016-08-10,38.02,38.245,37.91,38.07,5546799.0,0.0,1.0,38.02,38.245,37.91,38.07,5546799.0,,0.0,0.0,0.0,0.0,-0.030000000000001137,-1
269,2016-08-11,38.19,38.49,38.1,38.46,5999407.0,0.0,1.0,38.19,38.49,38.1,38.46,5999407.0,,0.0,0.0,0.0,0.0,0.39000000000000057,1
270,2016-08-12,38.3,38.63,38.1,38.51,6527984.0,0.0,1.0,38.3,38.63,38.1,38.51,6527984.0,,0.0,0.0,0.0,0.0,0.04999999999999716,1
271,2016-08-15,38.55,38.65,38.34,38.46,4548206.0,0.0,1.0,38.55,38.65,38.34,38.46,4548206.0,,0.0,0.0,0.0,0.0,-0.04999999999999716,-1
272,2016-08-16,38.4,38.53,38.15,38.38,6170765.0,0.0,1.0,38.4,38.53,38.15,38.38,6170765.0,"[[0.0, 28.0, 7.0]]",0.0,1.0,28.0,7.0,-0.0799999999999983,-1
273,2016-08-17,38.41,38.46,37.88,38.14,5263987.0,0.0,1.0,38.41,38.46,37.88,38.14,5263987.0,,0.0,0.0,0.0,0.0,-0.240000000000002,-1
274,2016-08-18,38.07,38.375,37.93,38.22,3881084.0,0.0,1.0,38.07,38.375,37.93,38.22,3881084.0,"[[0.6333333333333333, 74.0, 36.0], [0.0, 95.0, 19.0]]",0.31666666666666665,2.0,169.0,55.0,0.0799999999999983,1
275,2016-08-19,38.02,38.18,37.895,38.09,5107878.0,0.0,1.0,38.02,38.18,37.895,38.09,5107878.0,"[[0.0, 23.0, 4.0]]",0.0,1.0,23.0,4.0,-0.12999999999999545,-1
276,2016-08-22,37.93,38.2,37.66,38.11,10704362.0,0.0,1.0,37.93,38.2,37.66,38.11,10704362.0,,0.0,0.0,0.0,0.0,0.01999999999999602,1
277,2016-08-23,38.42,38.43,37.8,37.86,6066416.0,0.0,1.0,38.42,38.43,37.8,37.86,6066416.0,"[[0.5, 111.0, 21.0]]",0.5,1.0,111.0,21.0,-0.25,-1
278,2016-08-24,37.81,37.95,37.41,37.52,5914176.0,0.0,1.0,37.81,37.95,37.41,37.52,5914176.0,,0.0,0.0,0.0,0.0,-0.3399999999999963,-1
279,2016-08-25,37.5,37.57,37.25,37.51,5132089.0,0.0,1.0,37.5,37.57,37.25,37.51,5132089.0,,0.0,0.0,0.0,0.0,-0.010000000000005116,-1
280,2016-08-26,37.72,37.84,37.38,37.65,4177726.0,0.0,1.0,37.72,37.84,37.38,37.65,4177726.0,"[[0.8, 29.0, 5.0]]",0.8,1.0,29.0,5.0,0.14000000000000057,1
281,2016-08-29,37.61,37.65,37.27,37.29,4780712.0,0.0,1.0,37.61,37.65,37.27,37.29,4780712.0,,0.0,0.0,0.0,0.0,-0.35999999999999943,-1
282,2016-08-30,37.26,37.52,36.985,37.0,6873648.0,0.0,1.0,37.26,37.52,36.985,37.0,6873648.0,"[[0.5, 164.0, 27.0]]",0.5,1.0,164.0,27.0,-0.28999999999999915,-1
283,2016-08-31,37.0,37.24,36.84,37.15,7166276.0,0.0,1.0,37.0,37.24,36.84,37.15,7166276.0,,0.0,0.0,0.0,0.0,0.14999999999999858,1
284,2016-09-01,37.27,37.32,36.58,36.83,10412233.0,0.0,1.0,37.27,37.32,36.58,36.83,10412233.0,,0.0,0.0,0.0,0.0,-0.3200000000000003,-1
285,2016-09-02,37.01,37.125,36.3,37.07,6726906.0,0.0,1.0,37.01,37.125,36.3,37.07,6726906.0,"[[0.18727272727272729, 35.0, 18.0]]",0.18727272727272729,1.0,35.0,18.0,0.240000000000002,1
286,2016-09-06,37.05,37.65,37.02,37.18,6416930.0,0.0,1.0,37.05,37.65,37.02,37.18,6416930.0,"[[0.5, 31.0, 7.0]]",0.5,1.0,31.0,7.0,0.10999999999999943,1
287,2016-09-07,37.33,38.58,37.26,38.56,10817701.0,0.0,1.0,37.33,38.58,37.26,38.56,10817701.0,,0.0,0.0,0.0,0.0,1.3800000000000026,1
288,2016-09-08,38.65,39.33,38.5007,39.27,12037292.0,0.0,1.0,38.65,39.33,38.5007,39.27,12037292.0,,0.0,0.0,0.0,0.0,0.7100000000000009,1
289,2016-09-09,38.75,39.02,37.91,38.01,10747079.0,0.0,1.0,38.75,39.02,37.91,38.01,10747079.0,"[[0.8, 16.0, 3.0]]",0.8,1.0,16.0,3.0,-1.2600000000000051,-1
290,2016-09-12,37.65,38.84,37.5401,38.77,8635027.0,0.0,1.0,37.65,38.84,37.5401,38.77,8635027.0,,0.0,0.0,0.0,0.0,0.7600000000000051,1
291,2016-09-13,38.62,40.33,38.41,39.86,17924853.0,0.0,1.0,38.62,40.33,38.41,39.86,17924853.0,"[[0.18333333333333335, 18.0, 7.0]]",0.18333333333333335,1.0,18.0,7.0,1.0899999999999963,1
292,2016-09-14,39.99,40.28,39.53,39.96,13062293.0,0.0,1.0,39.99,40.28,39.53,39.96,13062293.0,,0.0,0.0,0.0,0.0,0.10000000000000142,1
293,2016-09-15,40.31,41.14,39.8699,40.83,12720951.0,0.0,1.0,40.31,41.14,39.8699,40.83,12720951.0,"[[0.0, 33.0, 25.0], [0.25, 66.0, 44.0], [-0.05, 21.0, 9.0]]",0.06666666666666667,3.0,120.0,78.0,0.8699999999999974,1
294,2016-09-16,40.71,40.88,40.3248,40.7,11909449.0,0.0,1.0,40.71,40.88,40.3248,40.7,11909449.0,,0.0,0.0,0.0,0.0,-0.12999999999999545,-1
295,2016-09-19,40.24,40.46,39.75,40.01,7574483.0,0.0,1.0,40.24,40.46,39.75,40.01,7574483.0,"[[0.375, 15.0, 6.0]]",0.375,1.0,15.0,6.0,-0.6900000000000048,-1
296,2016-09-20,40.3,40.3,39.67,39.69,5563314.0,0.0,1.0,40.3,40.3,39.67,39.69,5563314.0,"[[0.6, 40.0, 6.0], [0.0, 139.0, 26.0]]",0.3,2.0,179.0,32.0,-0.3200000000000003,-1
297,2016-09-21,39.86,40.39,39.7,40.29,5378400.0,0.0,1.0,39.86,40.39,39.7,40.29,5378400.0,"[[0.3, 15.0, 10.0]]",0.3,1.0,15.0,10.0,0.6000000000000014,1
298,2016-09-22,40.42,40.66,40.14,40.49,5691048.0,0.0,1.0,40.42,40.66,40.14,40.49,5691048.0,"[[0.4875, 42.0, 15.0]]",0.4875,1.0,42.0,15.0,0.20000000000000284,1
299,2016-09-23,39.6,40.495,39.6,40.07,6234613.0,0.0,1.0,39.6,40.495,39.6,40.07,6234613.0,,0.0,0.0,0.0,0.0,-0.4200000000000017,-1
300,2016-09-26,39.38,40.51,39.38,40.34,9054362.0,0.0,1.0,39.38,40.51,39.38,40.34,9054362.0,"[[0.0, 131.0, 31.0], [0.6, 35.0, 5.0]]",0.3,2.0,166.0,36.0,0.2700000000000031,1
301,2016-09-27,40.04,41.23,39.49,41.06,8674079.0,0.0,1.0,40.04,41.23,39.49,41.06,8674079.0,"[[0.5583333333333333, 8.0, 1.0], [0.43333333333333335, 13.0, 6.0]]",0.49583333333333335,2.0,21.0,7.0,0.7199999999999989,1
302,2016-09-28,41.15,41.19,40.21,40.97,6751179.0,0.0,1.0,41.15,41.19,40.21,40.97,6751179.0,"[[0.0, 27.0, 10.0]]",0.0,1.0,27.0,10.0,-0.09000000000000341,-1
303,2016-09-29,40.91,41.3,40.36,40.39,7953014.0,0.0,1.0,40.91,41.3,40.36,40.39,7953014.0,,0.0,0.0,0.0,0.0,-0.5799999999999983,-1
304,2016-09-30,40.29,41.05,40.27,40.97,8685607.0,0.0,1.0,40.29,41.05,40.27,40.97,8685607.0,"[[0.0, 10.0, 9.0], [0.0, 14.0, 9.0]]",0.0,2.0,24.0,18.0,0.5799999999999983,1
305,2016-10-03,40.87,41.2,40.16,40.59,6924977.0,0.0,1.0,40.87,41.2,40.16,40.59,6924977.0,,0.0,0.0,0.0,0.0,-0.37999999999999545,-1
306,2016-10-04,41.3,41.3,40.44,40.78,5046632.0,0.0,1.0,41.3,41.3,40.44,40.78,5046632.0,"[[0.0, 23.0, 8.0]]",0.0,1.0,23.0,8.0,0.18999999999999773,1
307,2016-10-05,40.95,40.95,40.4,40.44,6128205.0,0.0,1.0,40.95,40.95,40.4,40.44,6128205.0,"[[0.0, 8.0, 2.0]]",0.0,1.0,8.0,2.0,-0.3400000000000034,-1
308,2016-10-06,40.32,40.39,39.86,40.18,6312037.0,0.0,1.0,40.32,40.39,39.86,40.18,6312037.0,"[[0.0, 15.0, 12.0]]",0.0,1.0,15.0,12.0,-0.259999999999998,-1
309,2016-10-07,40.42,40.42,39.62,39.88,6109946.0,0.0,1.0,40.42,40.42,39.62,39.88,6109946.0,"[[0.0, 47.0, 20.0]]",0.0,1.0,47.0,20.0,-0.29999999999999716,-1
310,2016-10-10,40.13,40.17,39.59,39.86,6636680.0,0.0,1.0,40.13,40.17,39.59,39.86,6636680.0,"[[1.0, 8.0, 3.0]]",1.0,1.0,8.0,3.0,-0.020000000000003126,-1
311,2016-10-11,40.03,40.11,38.96,39.19,9955667.0,0.0,1.0,40.03,40.11,38.96,39.19,9955667.0,"[[0.0, 20.0, 13.0], [0.5, 98.0, 30.0]]",0.25,2.0,118.0,43.0,-0.6700000000000017,-1
312,2016-10-12,39.77,39.8,39.3,39.53,7039942.0,0.0,1.0,39.77,39.8,39.3,39.53,7039942.0,,0.0,0.0,0.0,0.0,0.3400000000000034,1
313,2016-10-13,39.39,39.4,38.75,39.2,7865587.0,0.0,1.0,39.39,39.4,38.75,39.2,7865587.0,,0.0,0.0,0.0,0.0,-0.3299999999999983,-1
314,2016-10-14,39.46,39.89,39.23,39.24,6647595.0,0.0,1.0,39.46,39.89,39.23,39.24,6647595.0,,0.0,0.0,0.0,0.0,0.03999999999999915,1
315,2016-10-17,39.24,39.62,39.16,39.48,5279515.0,0.0,1.0,39.24,39.62,39.16,39.48,5279515.0,,0.0,0.0,0.0,0.0,0.23999999999999488,1
316,2016-10-18,40.0,40.18,39.78,39.83,5475850.0,0.0,1.0,40.0,40.18,39.78,39.83,5475850.0,,0.0,0.0,0.0,0.0,0.3500000000000014,1
317,2016-10-19,39.97,40.47,39.84,40.24,6587733.0,0.0,1.0,39.97,40.47,39.84,40.24,6587733.0,,0.0,0.0,0.0,0.0,0.4100000000000037,1
318,2016-10-20,40.23,40.29,39.82,40.09,13337494.0,0.0,1.0,40.23,40.29,39.82,40.09,13337494.0,"[[0.0, 13.0, 5.0], [0.0, 35.0, 29.0], [0.5, 4.0, 1.0], [0.16111111111111112, 28.0, 18.0], [0.13636363636363635, 26.0, 13.0], [0.13636363636363635, 5.0, 1.0], [0.4333333333333333, 20.0, 6.0], [-0.16666666666666666, 6.0, 6.0], [0.3181818181818182, 8.0, 0.0], [0.21666666666666665, 15.0, 9.0], [0.0, 7.0, 5.0], [0.5, 5.0, 4.0], [-0.13333333333333333, 69.0, 24.0], [0.13636363636363635, 11.0, 3.0]]",0.15988455988455982,14.0,252.0,124.0,-0.14999999999999858,-1
319,2016-10-21,41.85,44.24,41.84,44.15,37554668.0,0.0,1.0,41.85,44.24,41.84,44.15,37554668.0,"[[0.6666666666666666, 34.0, 13.0], [-0.20833333333333334, 113.0, 111.0]]",0.22916666666666663,2.0,147.0,124.0,4.059999999999995,1
320,2016-10-24,44.0,44.52,43.14,43.87,19079031.0,0.0,1.0,44.0,44.52,43.14,43.87,19079031.0,"[[0.0, 40.0, 30.0]]",0.0,1.0,40.0,30.0,-0.28000000000000114,-1
321,2016-10-25,43.66,44.07,43.0,43.31,9463932.0,0.0,1.0,43.66,44.07,43.0,43.31,9463932.0,,0.0,0.0,0.0,0.0,-0.5599999999999952,-1
322,2016-10-26,43.0,43.21,42.31,42.33,10918791.0,0.0,1.0,43.0,43.21,42.31,42.33,10918791.0,"[[0.0, 14.0, 6.0], [0.7, 15.0, 12.0]]",0.35,2.0,29.0,18.0,-0.980000000000004,-1
323,2016-10-27,42.55,42.57,41.621,41.69,9447256.0,0.0,1.0,42.55,42.57,41.621,41.69,9447256.0,"[[0.7, 17.0, 12.0]]",0.7,1.0,17.0,12.0,-0.6400000000000006,-1
324,2016-10-28,41.98,41.98,41.07,41.76,11979238.0,0.0,1.0,41.98,41.98,41.07,41.76,11979238.0,,0.0,0.0,0.0,0.0,0.07000000000000028,1
325,2016-10-31,41.78,42.0,41.36,41.66,7159986.0,0.0,1.0,41.78,42.0,41.36,41.66,7159986.0,,0.0,0.0,0.0,0.0,-0.10000000000000142,-1
326,2016-11-01,41.68,42.295,41.29,41.54,9398950.0,0.0,1.0,41.68,42.295,41.29,41.54,9398950.0,,0.0,0.0,0.0,0.0,-0.11999999999999744,-1
327,2016-11-02,41.43,41.57,41.08,41.35,7947621.0,0.0,1.0,41.43,41.57,41.08,41.35,7947621.0,"[[0.0, 18.0, 8.0]]",0.0,1.0,18.0,8.0,-0.18999999999999773,-1
328,2016-11-03,41.32,41.5,40.92,41.19,6239903.0,0.0,1.0,41.32,41.5,40.92,41.19,6239903.0,,0.0,0.0,0.0,0.0,-0.1600000000000037,-1
329,2016-11-04,40.3,41.485,40.3,40.9,6541343.0,0.0,1.0,40.3,41.485,40.3,40.9,6541343.0,,0.0,0.0,0.0,0.0,-0.28999999999999915,-1
330,2016-11-07,41.52,41.65,41.06,41.28,7904865.0,0.0,1.0,41.52,41.65,41.06,41.28,7904865.0,,0.0,0.0,0.0,0.0,0.38000000000000256,1
331,2016-11-08,41.42,42.15,41.09,41.58,6968107.0,0.0,1.0,41.42,42.15,41.09,41.58,6968107.0,,0.0,0.0,0.0,0.0,0.29999999999999716,1
332,2016-11-09,40.6,41.47,40.58,41.26,9744400.0,0.0,1.0,40.6,41.47,40.58,41.26,9744400.0,,0.0,0.0,0.0,0.0,-0.3200000000000003,-1
333,2016-11-10,41.9,41.9,39.58,40.45,12097577.0,0.0,1.0,41.9,41.9,39.58,40.45,12097577.0,"[[0.0, 39.0, 33.0]]",0.0,1.0,39.0,33.0,-0.8099999999999952,-1
334,2016-11-11,40.77,40.77,39.8,40.08,10776524.0,0.0,1.0,40.77,40.77,39.8,40.08,10776524.0,"[[0.6, 58.0, 32.0]]",0.6,1.0,58.0,32.0,-0.37000000000000455,-1
335,2016-11-14,40.4,40.4,38.45,38.81,17877790.0,0.0,1.0,40.4,40.4,38.45,38.81,17877790.0,,0.0,0.0,0.0,0.0,-1.269999999999996,-1
336,2016-11-15,39.52,39.48,38.9,38.94,16038229.0,0.0,1.0,39.52,39.48,38.9,38.94,16038229.0,"[[0.13636363636363635, 20.0, 7.0]]",0.13636363636363635,1.0,20.0,7.0,0.12999999999999545,1
337,2016-11-16,39.05,39.21,38.71,39.07,12730896.0,0.0,1.0,39.05,39.21,38.71,39.07,12730896.0,"[[0.0, 22.0, 16.0], [0.13636363636363635, 13.0, 4.0], [0.13636363636363635, 13.0, 3.0], [0.0, 23.0, 10.0]]",0.06818181818181818,4.0,71.0,33.0,0.13000000000000256,1
338,2016-11-17,39.12,40.055,38.95,39.88,9758539.0,0.0,1.0,39.12,40.055,38.95,39.88,9758539.0,"[[0.18727272727272729, 18.0, 9.0]]",0.18727272727272729,1.0,18.0,9.0,0.8100000000000023,1
339,2016-11-18,40.08,40.57,39.91,40.08,9521525.0,0.0,1.0,40.08,40.57,39.91,40.08,9521525.0,"[[0.0, 13.0, 13.0], [0.19318181818181818, 7.0, 2.0], [0.5, 17.0, 10.0]]",0.23106060606060605,3.0,37.0,25.0,0.19999999999999574,1
340,2016-11-21,40.12,40.77,40.1155,40.63,6667226.0,0.0,1.0,40.12,40.77,40.1155,40.63,6667226.0,,0.0,0.0,0.0,0.0,0.5500000000000043,1
341,2016-11-22,40.99,41.1,39.95,40.33,7734699.0,0.0,1.0,40.99,41.1,39.95,40.33,7734699.0,"[[0.0, 42.0, 22.0]]",0.0,1.0,42.0,22.0,-0.30000000000000426,-1
342,2016-11-23,40.31,40.43,39.85,40.05,5770587.0,0.0,1.0,40.31,40.43,39.85,40.05,5770587.0,,0.0,0.0,0.0,0.0,-0.28000000000000114,-1
343,2016-11-25,40.4,40.56,39.99,40.26,2324478.0,0.0,1.0,40.4,40.56,39.99,40.26,2324478.0,,0.0,0.0,0.0,0.0,0.21000000000000085,1
344,2016-11-28,40.26,40.49,39.925,39.96,4170587.0,0.0,1.0,40.26,40.49,39.925,39.96,4170587.0,"[[0.375, 48.0, 13.0], [0.0, 18.0, 14.0]]",0.1875,2.0,66.0,27.0,-0.29999999999999716,-1
345,2016-11-29,40.07,40.36,39.79,39.89,5083663.0,0.0,1.0,40.07,40.36,39.79,39.89,5083663.0,"[[0.0, 13.0, 5.0]]",0.0,1.0,13.0,5.0,-0.07000000000000028,-1
346,2016-11-30,40.1,40.18,39.18,39.28,8420727.0,0.0,1.0,40.1,40.18,39.18,39.28,8420727.0,"[[0.0, 40.0, 21.0], [0.2590909090909091, 21.0, 10.0]]",0.12954545454545455,2.0,61.0,31.0,-0.6099999999999994,-1
347,2016-12-01,39.56,39.68,38.18,38.34,11265567.0,0.0,1.0,39.56,39.68,38.18,38.34,11265567.0,,0.0,0.0,0.0,0.0,-0.9399999999999977,-1
348,2016-12-02,38.34,38.75,38.06,38.62,6335151.0,0.0,1.0,38.34,38.75,38.06,38.62,6335151.0,"[[0.0, 55.0, 20.0]]",0.0,1.0,55.0,20.0,0.27999999999999403,1
349,2016-12-05,38.85,39.34,38.65,38.99,5053862.0,0.0,1.0,38.85,39.34,38.65,38.99,5053862.0,,0.0,0.0,0.0,0.0,0.37000000000000455,1
350,2016-12-06,39.23,39.26,38.71,38.98,5954455.0,0.0,1.0,39.23,39.26,38.71,38.98,5954455.0,"[[0.16666666666666666, 17.0, 4.0], [0.5, 23.0, 8.0], [0.21666666666666667, 16.0, 7.0]]",0.29444444444444445,3.0,56.0,19.0,-0.010000000000005116,-1
351,2016-12-07,39.08,39.46,38.8,39.45,7012032.0,0.0,1.0,39.08,39.46,38.8,39.45,7012032.0,"[[0.0, 9.0, 2.0]]",0.0,1.0,9.0,2.0,0.47000000000000597,1
352,2016-12-08,39.68,40.0,39.45,39.61,6102590.0,0.0,1.0,39.68,40.0,39.45,39.61,6102590.0,"[[0.0, 68.0, 23.0]]",0.0,1.0,68.0,23.0,0.1599999999999966,1
353,2016-12-09,39.7,39.79,39.375,39.65,3923741.0,0.0,1.0,39.7,39.79,39.375,39.65,3923741.0,"[[0.25, 14.0, 6.0]]",0.25,1.0,14.0,6.0,0.03999999999999915,1
354,2016-12-12,39.6,39.9,39.35,39.43,4474526.0,0.0,1.0,39.6,39.9,39.35,39.43,4474526.0,,0.0,0.0,0.0,0.0,-0.21999999999999886,-1
355,2016-12-13,39.55,39.745,39.39,39.43,6385892.0,0.0,1.0,39.55,39.745,39.39,39.43,6385892.0,"[[0.0, 6.0, 1.0], [-0.25, 45.0, 18.0]]",-0.125,2.0,51.0,19.0,0.0,-1
356,2016-12-14,39.46,39.89,39.46,39.55,4658726.0,0.0,1.0,39.46,39.89,39.46,39.55,4658726.0,"[[0.0, 82.0, 43.0], [0.15000000000000002, 1.0, 0.0], [0.15000000000000002, 0.0, 0.0]]",0.10000000000000002,3.0,83.0,43.0,0.11999999999999744,1
357,2016-12-15,39.8,40.29,39.35,39.54,6418929.0,0.0,1.0,39.8,40.29,39.35,39.54,6418929.0,"[[0.35, 0.0, 0.0], [0.35, 0.0, 0.0], [0.0, 31.0, 6.0], [0.2, 0.0, 0.0], [0.5, 0.0, 0.0], [0.35, 0.0, 0.0]]",0.2916666666666667,6.0,31.0,6.0,-0.00999999999999801,-1
358,2016-12-16,39.9,39.9,39.12,39.32,9786253.0,0.0,1.0,39.9,39.9,39.12,39.32,9786253.0,"[[0.0, 29.0, 13.0], [0.0, 24.0, 12.0]]",0.0,2.0,53.0,25.0,-0.21999999999999886,-1
359,2016-12-19,39.4,39.8,39.11,39.44,4268583.0,0.0,1.0,39.4,39.8,39.11,39.44,4268583.0,,0.0,0.0,0.0,0.0,0.11999999999999744,1
360,2016-12-20,39.61,39.74,39.26,39.74,3637161.0,0.0,1.0,39.61,39.74,39.26,39.74,3637161.0,"[[0.0, 32.0, 8.0]]",0.0,1.0,32.0,8.0,0.30000000000000426,1
361,2016-12-21,39.84,40.74,39.82,40.09,6768561.0,0.0,1.0,39.84,40.74,39.82,40.09,6768561.0,"[[0.15606060606060607, 24.0, 9.0]]",0.15606060606060607,1.0,24.0,9.0,0.3500000000000014,1
362,2016-12-22,40.04,40.09,39.54,39.68,5064974.0,0.0,1.0,40.04,40.09,39.54,39.68,5064974.0,"[[0.5, 8.0, 3.0], [0.5, 28.0, 14.0]]",0.5,2.0,36.0,17.0,-0.4100000000000037,-1
363,2016-12-23,39.82,39.87,39.48,39.58,3379149.0,0.0,1.0,39.82,39.87,39.48,39.58,3379149.0,"[[0.0, 40.0, 15.0]]",0.0,1.0,40.0,15.0,-0.10000000000000142,-1
364,2016-12-27,39.5,40.08,39.43,39.72,2660152.0,0.0,1.0,39.5,40.08,39.43,39.72,2660152.0,"[[0.5, 26.0, 10.0]]",0.5,1.0,26.0,10.0,0.14000000000000057,1
365,2016-12-28,39.76,40.03,39.53,39.57,3292367.0,0.0,1.0,39.76,40.03,39.53,39.57,3292367.0,,0.0,0.0,0.0,0.0,-0.14999999999999858,-1
366,2016-12-29,39.54,40.17,39.54,39.96,3707957.0,0.0,1.0,39.54,40.17,39.54,39.96,3707957.0,"[[0.0, 18.0, 3.0]]",0.0,1.0,18.0,3.0,0.39000000000000057,1
367,2016-12-30,39.96,40.07,39.34,39.47,5012053.0,0.0,1.0,39.96,40.07,39.34,39.47,5012053.0,,0.0,0.0,0.0,0.0,-0.490000000000002,-1
